source,target,flow
32,32,170
32,41,220
32,51,52
32,52,349
32,53,107
32,54,31
32,101,32
32,110,22
32,161,31
33,32,26
33,33,78
33,34,36
33,41,430
33,42,23
33,52,205
33,53,250
33,54,68
33,101,30
33,161,20
34,33,38
34,34,60
34,35,28
34,42,44
34,43,184
34,44,25
34,52,29
34,53,20
34,54,199
34,55,157
34,56,43
35,34,22
35,36,22
35,43,141
35,44,205
35,46,22
35,52,20
35,53,22
35,54,122
35,55,162
35,56,39
36,36,81
36,37,30
36,43,34
36,44,151
36,45,107
36,46,160
36,52,20
36,54,64
36,55,60
36,56,47,4538,,,,,
37,36,47
37,38,46
37,46,26
37,58,21
37,72,25,4703,,,,,
38,37,38
38,44,22
38,46,46
38,47,23
38,48,43
38,49,82
38,50,92
38,52,45
38,54,46
38,58,123
38,59,50
38,61,181
38,62,72
38,71,32
38,72,118
38,75,24
38,81,21
38,85,21
38,87,24
38,98,21
38,99,96
38,110,107
38,120,26
38,121,39
38,161,26,6121,,,,,
39,51,69
39,52,91
40,7,44
40,41,44
40,51,314
40,52,760
40,53,42
40,54,22
40,86,42
40,87,28
40,99,40
40,101,27
40,110,96
40,121,23
40,161,60
40,540,21
40,616,25
40,672,33,7902,,,,,
41,7,205
41,18,43
41,32,223
41,33,335
41,40,75
41,41,1321
41,42,41
41,43,94
41,44,27
41,51,184
41,52,2347
41,53,2945
41,54,315
41,55,92
41,56,24
41,61,42
41,62,44
41,63,24
41,64,46
41,65,31
41,72,66
41,74,24
41,78,63
41,87,31
41,99,131
41,101,171
41,110,540
41,116,28
41,120,78
41,121,84
41,133,102
41,161,239
41,170,22
41,177,51
41,232,38
41,261,93
41,367,79
41,387,24
41,389,126
41,433,55
41,550,42
41,586,35
41,615,35
41,616,25
41,631,20
41,642,30
41,654,56
41,660,51
41,664,35
41,672,69
41,685,20
41,698,59,18882,,,,,
42,33,31
42,34,62
42,41,52
42,42,227
42,43,232
42,51,20
42,52,138
42,53,165
42,54,838
42,55,102
42,56,21
42,101,29
42,161,35
44,18,25
44,34,21
44,35,68
44,36,135
44,41,30
44,43,436
44,44,544
44,45,252
44,46,221
44,50,22
44,51,22
44,52,202
44,53,65
44,54,776
44,55,433
44,56,275
44,57,63
44,61,109
44,62,40
44,72,45
44,73,20
44,75,20
44,78,20
44,81,21
44,87,21
44,99,100
44,101,27
44,105,21
44,110,143
44,116,35
44,120,26
44,121,52
44,133,55
44,161,94
44,170,38
44,177,44
44,241,23
44,389,49
44,530,30
44,660,21
45,35,21
45,36,110
45,43,88
45,44,366
45,46,164
45,52,33
45,54,96
45,55,90
45,56,40
45,57,30
45,110,26
45,161,27
49,38,44
49,47,22
49,49,117
49,50,224
49,58,23
49,59,26
49,61,99
49,62,43
49,72,65
49,99,39
49,110,52
50,7,56
50,9,24
50,11,20
50,38,65
50,41,21
50,43,29
50,44,29
50,46,72
50,47,22
50,49,541
50,50,1829
50,52,164
50,53,25
50,54,160
50,55,20
50,56,52
50,58,52
50,59,75
50,60,458
50,61,3779
50,62,472
50,71,290
50,72,490
50,73,31
50,74,107
50,75,87
50,81,109
50,85,66
50,87,95
50,97,23
50,98,28
50,99,522
50,110,514
50,116,32
50,120,65
50,121,125
50,133,121
50,160,24
50,161,139
50,177,29
50,241,24
50,245,20
50,389,90
50,433,32
50,530,50
50,660,44
50,688,133,38578,,,,,
51,18,20
51,32,28
51,39,30
51,40,218
51,41,179
51,43,29
51,51,819
51,52,1895
51,53,206
51,54,157
51,55,20
51,56,20
51,63,32
51,65,49
51,76,24
51,78,24
51,99,78
51,101,107
51,110,127
51,121,29
51,133,32
51,161,108
51,177,29
51,389,23
52,5,24
52,7,436
52,9,97
52,11,131
52,14,20
52,17,23
52,18,196
52,19,27
52,27,32
52,32,459
52,33,250
52,34,28
52,38,32
52,39,115
52,40,891
52,41,2593
52,42,125
52,43,485
52,44,243
52,45,23
52,46,103
52,50,144
52,51,1913
52,52,15818
52,53,8115
52,54,1408
52,55,328
52,56,193
52,58,27
52,59,20
52,60,49
52,61,1715
52,62,890
52,63,361
52,64,401
52,65,439
52,71,64
52,72,267
52,73,29
52,74,44
52,75,50
52,76,155
52,77,336
52,78,312
52,81,122
52,85,99
52,87,198
52,88,80
52,90,174
52,98,71
52,99,1450
52,101,1054
52,102,150
52,105,61
52,110,1525
52,112,24
52,116,288
52,120,200
52,121,338
52,133,578
52,135,71
52,136,69
52,140,24
52,145,25
52,146,57
52,151,25
52,157,31
52,160,45
52,161,1169
52,165,91
52,170,381
52,176,127
52,177,254
52,207,40
52,229,100
52,232,41
52,240,59
52,241,352
52,245,29
52,260,225
52,261,135
52,367,143
52,383,53
52,385,39
52,387,530
52,389,641
52,402,38
52,407,36
52,409,156
52,412,45
52,424,50
52,432,34
52,433,348
52,438,177
52,441,35
52,444,45
52,455,48
52,456,29
52,477,20
52,498,137
52,501,25
52,505,49
52,506,20
52,512,60
52,528,48
52,529,49
52,530,490
52,540,20
52,550,71
52,552,28
52,555,21
52,559,30
52,563,42
52,564,29
52,576,20
52,580,35
52,585,248
52,592,145
52,594,122
52,598,25
52,600,41
52,611,20
52,612,23
52,616,101
52,618,228
52,619,46
52,620,50
52,626,83
52,629,25
52,630,47
52,631,142
52,633,386
52,635,80
52,640,30
52,642,54
52,643,106
52,645,87
52,647,33
52,653,142
52,654,26
52,656,31
52,660,499
52,664,20
52,670,69
52,672,44
52,680,178
52,687,134
52,688,863
52,693,41
52,694,63
52,697,359
52,698,31
52,700,34
52,701,31
53,7,300
53,9,26
53,11,26
53,17,28
53,18,103
53,19,72
53,32,114
53,33,167
53,40,42
53,41,2463
53,42,60
53,43,134
53,44,77
53,46,38
53,51,173
53,52,6214
53,53,160
53,54,345
53,55,111
53,56,37
53,58,27
53,61,203
53,62,68
53,63,56
53,64,86
53,65,137
53,72,97
53,73,23
53,74,44
53,76,27
53,77,54
53,78,70
53,81,39
53,85,35
53,87,32
53,88,26
53,90,52
53,97,28
53,98,43
53,99,258
53,101,322
53,102,48
53,105,37
53,110,308
53,116,68
53,120,127
53,121,126
53,133,193
53,135,23
53,136,27
53,146,28
53,148,20
53,157,30
53,161,393
53,165,22
53,170,89
53,176,61
53,177,73
53,191,50
53,229,29
53,232,160
53,241,85
53,260,25
53,261,267
53,363,84
53,367,155
53,381,32
53,385,27
53,387,144
53,388,58
53,389,350
53,404,59
53,409,42
53,424,28
53,433,116
53,438,29
53,451,50
53,481,63
53,498,20
53,528,24
53,530,56
53,550,150
53,552,24
53,555,37
53,565,24
53,570,23
53,585,44
53,586,143
53,592,20
53,613,62
53,616,25
53,618,106
53,627,53
53,629,116
53,631,57
53,633,87
53,640,21
53,643,21
53,645,23
53,653,26
53,654,212
53,660,153
53,662,28
53,665,44
53,670,29
53,672,64
53,680,20
53,687,20
53,688,90
53,697,20
54,7,148
54,9,29
54,11,34
54,18,105
54,32,49
54,33,115
54,34,269
54,35,122
54,36,43
54,38,28
54,40,22
54,41,308
54,42,999
54,43,4989
54,44,775
54,45,85
54,46,272
54,50,69
54,51,122
54,52,1375
54,53,433
54,54,4182
54,55,5833
54,56,465
54,57,42
54,61,505
54,62,202
54,65,200
54,66,68
54,67,71
54,71,26
54,72,121
54,74,22
54,75,29
54,78,93
54,81,76
54,85,33
54,87,88
54,90,66
54,91,81
54,98,24
54,99,523
54,101,258
54,102,34
54,104,20
54,105,26
54,110,492
54,116,167
54,120,72
54,121,143
54,133,257
54,136,34
54,146,22
54,161,446
54,165,22
54,170,167
54,176,53
54,177,102
54,229,34
54,241,215
54,260,29
54,261,33
54,367,23
54,387,147
54,389,230
54,433,123
54,438,80
54,444,20
54,455,24
54,505,34
54,512,24
54,528,25
54,530,127
54,550,39
54,585,55
54,592,47
54,594,31
54,611,20
54,618,50
54,620,20
54,633,60
54,635,33
54,653,25
54,660,114
54,670,29
54,680,38
54,688,249
54,697,89
54,700,20
60,49,81
60,50,346
60,52,21
60,59,23
60,60,35
60,61,1233
60,62,80
60,71,40
60,72,115
60,75,20
60,81,21
60,85,21
60,87,25
60,99,88
60,110,84
60,120,22
60,121,33
60,133,29
60,161,25,148032,,,,,
61,7,517
61,9,82
61,11,117
61,18,37
61,38,184
61,41,97
61,43,288
61,44,132
61,46,173
61,47,51
61,49,347
61,50,4735
61,51,22
61,52,1570
61,53,224
61,54,992
61,55,164
61,56,106
61,58,239
61,59,484
61,60,2230
61,61,49927
61,62,10826
61,71,1380
61,72,4890
61,73,1359
61,74,521
61,75,346
61,81,620
61,83,103
61,84,147
61,85,651
61,86,23
61,87,705
61,97,103
61,98,348
61,99,5235
61,101,56
61,105,20
61,110,3646
61,116,120
61,120,489
61,121,794
61,133,1158
61,160,20
61,161,1002
61,170,303
61,177,216
61,229,85
61,241,567
61,245,64
61,260,160
61,261,103
61,367,221
61,387,682
61,389,1204
61,409,188
61,412,125
61,424,29
61,432,44
61,433,703
61,438,196
61,444,20
61,455,22
61,498,117
61,501,31
61,505,82
61,512,58
61,528,53
61,529,24
61,530,876
61,550,76
61,555,21
61,559,27
61,563,46
61,580,25
61,585,352
61,592,244
61,594,89
61,600,39
61,611,20
61,616,26
61,618,115
61,620,49
61,626,166
61,631,50
61,633,358
61,635,81
61,643,24
61,645,127
61,653,223
61,660,800
61,670,70
61,672,25
61,679,20
61,680,189
61,687,235
61,688,2549
61,693,20
61,694,100
61,697,846
61,698,23
61,701,28
62,7,155
62,9,41
62,11,52
62,38,64
62,41,62
62,43,165
62,44,87
62,46,88
62,47,26
62,49,59
62,50,614
62,51,23
62,52,799
62,53,95
62,54,326
62,55,100
62,56,71
62,58,85
62,59,188
62,60,312
62,61,15349
62,62,2162
62,71,645
62,72,1616
62,73,1357
62,74,2065
62,75,261
62,81,254
62,83,64
62,84,87
62,85,467
62,86,24
62,87,379
62,97,101
62,98,129
62,99,1638
62,101,65
62,105,20
62,110,1818
62,116,81
62,120,197
62,121,296
62,133,518
62,160,27
62,161,522
62,170,163
62,176,29
62,177,73
62,229,53
62,232,35
62,240,38
62,241,192
62,260,133
62,261,55
62,367,79
62,385,23
62,387,349
62,389,559
62,409,141
62,412,46
62,432,27
62,433,225
62,438,76
62,498,28
62,501,28
62,512,26
62,528,29
62,529,37
62,530,272
62,550,37
62,563,25
62,585,131
62,592,101
62,594,42
62,600,43
62,616,32
62,618,75
62,619,20
62,620,22
62,626,37
62,631,63
62,633,131
62,635,46
62,643,20
62,645,46
62,653,139
62,654,22
62,660,278
62,664,20
62,670,73
62,679,25
62,680,84
62,687,109
62,688,643
62,693,24
62,697,285
74,7,175
74,18,26
74,41,39
74,43,30
74,50,76
74,52,41
74,53,56
74,54,44
74,58,31
74,59,35
74,60,40
74,61,630
74,62,1265
74,71,54
74,72,255
74,73,168
74,74,195
74,75,169
74,81,38
74,85,283
74,86,49
74,87,310
74,97,67
74,98,87
74,99,318
74,110,390
74,120,62
74,121,126
74,133,102
74,134,49
74,148,101
74,161,112
74,170,59
74,177,37
74,232,26
74,261,60
74,324,106
74,367,80
74,389,88
74,402,49
74,433,31
74,529,20
74,530,57
74,550,25
74,613,252
74,618,32
74,654,36
74,660,151
74,664,26
74,670,107
74,672,30
74,698,35
75,7,21
75,44,20
75,46,23
75,50,66
75,52,42
75,53,24
75,54,48
75,56,25
75,58,21
75,59,50
75,60,21
75,61,429
75,62,227
75,71,42
75,72,137
75,73,57
75,74,131
75,81,24
75,85,201
75,86,42
75,87,911
75,97,86
75,98,189
75,99,416
75,110,397
75,120,72
75,121,116
75,133,97
75,146,24
75,161,70
75,389,28,308178,,,,,
87,7,131
87,9,27
87,11,21
87,38,28
87,43,90
87,44,24
87,46,30
87,50,155
87,52,279
87,53,67
87,54,157
87,55,44
87,56,32
87,58,22
87,59,33
87,60,78
87,61,994
87,62,493
87,71,129
87,72,243
87,73,55
87,74,349
87,75,857
87,81,86
87,85,217
87,86,32
87,87,1526
87,97,101
87,98,539
87,99,5485
87,101,54
87,105,20
87,110,1846
87,116,64
87,120,368
87,121,530
87,133,495
87,146,53
87,160,78
87,161,434
87,163,23
87,170,82
87,176,30
87,177,83
87,229,27
87,232,23
87,240,32
87,241,122
87,258,23
87,260,91
87,261,145
87,367,87
87,387,180
87,389,267
87,409,52
87,433,119
87,498,22
87,529,20
87,530,91
87,550,21
87,585,21
87,616,20
87,631,20
87,633,20
87,653,21
87,660,108
87,672,45
87,688,124
87,697,53
99,5,66
99,7,681
99,9,143
99,11,116
99,18,134
99,19,37
99,32,33
99,35,22
99,36,24
99,37,22
99,38,161
99,40,57
99,41,220
99,42,23
99,43,420
99,44,225
99,45,42
99,46,210
99,47,37
99,49,81
99,50,660
99,51,124
99,52,1862
99,53,378
99,54,873
99,55,286
99,56,138
99,58,100
99,59,141
99,60,326
99,61,6374
99,62,2160
99,63,24
99,65,92
99,70,32
99,71,398
99,72,1287
99,73,420
99,74,356
99,75,594
99,77,40
99,78,50
99,81,327
99,83,163
99,84,106
99,85,851
99,86,128
99,87,6422
99,90,32
99,97,387
99,98,2484
99,101,208
99,105,71
99,109,42
99,110,24572
99,112,24
99,116,214
99,119,42
99,120,15750
99,121,9230
99,133,4999
99,134,231
99,135,32
99,136,24
99,140,24
99,143,21
99,144,22
99,145,115
99,146,339
99,148,126
99,157,88
99,160,241
99,161,2608
99,163,20
99,165,38
99,167,25
99,169,69
99,170,646
99,174,72
99,176,172
99,177,445
99,182,24
99,191,48
99,207,26
99,211,29
99,212,34
99,213,23
99,214,24
99,225,20
99,228,41
99,229,240
99,231,59
99,232,276
99,240,104
99,241,778
99,245,117
99,258,25
99,259,57
99,260,542
99,261,305
99,269,22
99,289,37
99,303,40
99,305,76
99,324,20
99,343,20
99,347,24
99,363,28
99,367,521
99,370,60
99,373,23
99,381,22
99,383,83
99,385,216
99,387,1567
99,388,41
99,389,3218
99,390,33
99,391,49
99,399,30
99,402,152
99,404,32
99,407,142
99,409,339
99,410,24
99,411,27
99,412,184
99,424,174
99,430,40
99,432,133
99,433,1307
99,438,254
99,441,62
99,444,109
99,446,74
99,447,82
99,450,35
99,451,34
99,452,32
99,455,134
99,456,75
99,461,24
99,463,31
99,465,59
99,477,50
99,498,304
99,501,137
99,504,20
99,505,249
99,506,74
99,512,103
99,513,75
99,522,22
99,524,26
99,527,21
99,528,150
99,529,139
99,530,1371
99,531,36
99,540,72
99,547,25
99,548,39
99,550,405
99,551,114
99,552,36
99,553,85
99,554,24
99,555,68
99,559,70
99,560,29
99,561,52
99,562,44
99,563,152
99,564,89
99,566,26
99,567,38
99,576,24
99,578,30
99,579,132
99,580,98
99,581,40
99,584,54
99,585,956
99,586,36
99,588,25
99,592,541
99,593,25
99,594,175
99,598,52
99,600,255
99,601,21
99,606,20
99,611,58
99,612,48
99,613,20
99,616,185
99,617,107
99,618,454
99,619,113
99,620,244
99,625,35
99,626,265
99,627,64
99,628,31
99,629,82
99,630,90
99,631,484
99,633,1100
99,635,154
99,640,96
99,642,34
99,643,68
99,644,30
99,645,266
99,647,60
99,651,24
99,653,288
99,654,100
99,655,31
99,656,63
99,659,26
99,660,1493
99,661,105
99,664,109
99,665,37
99,666,43
99,667,41
99,669,68
99,670,353
99,671,21
99,672,191
99,673,24
99,674,23
99,679,130
99,680,684
99,685,26
99,686,32
99,687,593
99,688,4060
99,689,19
99,690,26
99,693,170
99,694,282
99,696,40
99,697,864
99,698,110
99,700,38
99,701,111
99,702,124
110,5,79
110,7,1175
110,9,199
110,11,157
110,18,123
110,19,23
110,32,54
110,36,24
110,38,173
110,40,153
110,41,403
110,43,401
110,44,254
110,45,30
110,46,253
110,49,58
110,50,580
110,51,139
110,52,1787
110,53,378
110,54,750
110,55,306
110,56,185
110,57,27
110,58,143
110,59,168
110,60,306
110,61,5013
110,62,2046
110,65,51
110,71,413
110,72,1135
110,73,376
110,74,400
110,75,463
110,78,76
110,81,349
110,83,145
110,84,103
110,85,624
110,86,168
110,87,1654
110,95,33
110,97,250
110,98,659
110,99,21693
110,101,303
110,105,77
110,109,24
110,110,6667
110,116,278
110,119,53
110,120,4308
110,121,12749
110,133,2781
110,134,519
110,135,36
110,136,31
110,145,143
110,146,348
110,148,293
110,157,99
110,160,329
110,161,3022
110,165,58
110,169,116
110,170,832
110,174,104
110,176,213
110,177,508
110,189,23
110,191,59
110,207,29
110,212,57
110,225,25
110,228,62
110,229,209
110,231,62
110,232,249
110,240,178
110,241,831
110,245,58
110,259,77
110,260,670
110,261,398
110,274,32
110,289,25
110,303,32
110,305,36
110,347,28
110,363,21
110,367,681
110,370,53
110,383,83
110,385,167
110,387,1550
110,388,25
110,389,1625
110,390,35
110,391,87
110,393,42
110,399,22
110,402,232
110,407,131
110,409,389
110,411,20
110,412,174
110,424,136
110,430,52
110,432,135
110,433,1116
110,438,303
110,441,75
110,444,123
110,446,61
110,447,53
110,452,23
110,453,20
110,455,160
110,456,64
110,465,28
110,481,21
110,495,23
110,498,295
110,501,142
110,505,189
110,506,36
110,512,92
110,513,56
110,516,23
110,524,62
110,528,159
110,529,252
110,530,1070
110,531,20
110,540,266
110,550,252
110,551,132
110,552,30
110,553,35
110,554,20
110,555,119
110,559,102
110,560,25
110,561,22
110,562,97
110,563,115
110,564,67
110,567,23
110,571,31
110,578,33
110,579,82
110,580,99
110,581,22
110,584,21
110,585,531
110,586,22
110,591,20
110,592,501
110,593,27
110,594,195
110,598,39
110,600,168
110,606,26
110,611,57
110,612,54
110,613,51
110,615,26
110,616,363
110,617,106
110,618,571
110,619,121
110,620,191
110,626,199
110,627,49
110,628,137
110,629,51
110,630,146
110,631,436
110,632,20
110,633,747
110,635,154
110,640,44
110,642,107
110,643,93
110,644,26
110,645,224
110,647,90
110,653,247
110,654,93
110,655,44
110,656,58
110,659,62
110,660,1616
110,661,66
110,664,489
110,666,26
110,669,29
110,670,342
110,671,62
110,672,710
110,673,121
110,674,96
110,679,82
110,680,506
110,685,39
110,686,22
110,687,349
110,688,1690
110,693,112
110,694,222
110,697,696
110,698,191
110,700,37
110,701,122
110,702,98,557370,,,,,
390,367,181
390,370,21
390,387,24
390,389,117
390,390,112
390,391,236
390,412,39
390,413,228
390,432,25
390,433,263
391,7,32
391,52,21
391,99,26
391,110,88
391,133,29
391,161,35
391,232,29
391,261,20
391,303,24
391,305,48
391,345,23
391,347,49
391,367,1235
391,368,122
391,369,288
391,370,177
391,387,313
391,388,21
391,389,633
391,390,175
391,391,2091
391,392,188
391,393,148
391,409,62
391,411,55
391,412,105
391,432,75
391,433,804
391,452,32
391,555,22
391,616,39
391,664,23
391,672,26
392,367,66
392,369,40
392,370,102
392,389,31
392,391,245
392,393,130
392,433,80
392,672,29
393,99,24
393,110,33
393,161,20
393,232,26
393,305,21
393,347,49
393,367,580
393,370,824
393,387,218
393,389,396
393,390,20
393,391,298
393,392,139
393,409,24
393,412,44
393,432,48
393,433,609
393,530,28
393,618,32
393,633,20
413,389,29
413,390,255
413,412,63
413,413,135
413,433,315,570647,,,,,
433,7,102
433,9,24
433,18,118
433,41,35
433,43,40
433,44,26
433,50,20
433,52,329
433,53,81
433,54,111
433,55,24
433,61,631
433,62,220
433,71,25
433,72,105
433,73,20
433,75,20
433,81,51
433,85,53
433,87,74
433,98,87
433,99,959
433,101,37
433,110,766
433,116,32
433,120,137
433,121,161
433,133,304
433,157,24
433,160,28
433,161,533
433,170,153
433,176,25
433,177,73
433,207,20
433,222,22
433,229,72
433,232,239
433,240,58
433,241,485
433,245,27
433,259,30
433,260,275
433,261,166
433,285,20
433,289,24
433,302,82
433,303,150
433,305,308
433,324,58
433,326,28
433,343,65
433,345,79
433,346,51
433,347,135
433,362,31
433,363,66
433,366,107
433,367,2474
433,368,60
433,369,22
433,370,563
433,381,26
433,383,65
433,385,328
433,387,3845
433,388,203
433,389,5128
433,390,561
433,391,616
433,392,48
433,393,423
433,402,77
433,406,22
433,407,183
433,409,724
433,410,162
433,411,826
433,412,15454
433,413,442
433,424,95
433,430,298
433,431,515
433,432,10561
433,433,18052
433,438,101
433,441,44
433,444,73
433,446,56
433,447,27
433,449,36
433,450,223
433,451,150
433,452,1285
433,455,41
433,456,22
433,463,21
433,465,95
433,467,23
433,468,81
433,469,88
433,486,48
433,487,33
433,488,367
433,498,189
433,501,139
433,504,42
433,505,962
433,506,349
433,512,37
433,513,31
433,516,21
433,522,24
433,523,21
433,524,57
433,528,85
433,529,58
433,530,641
433,540,203
433,550,182
433,551,52
433,552,33
433,553,80
433,554,21
433,555,61
433,559,30
433,562,31
433,563,81
433,564,62
433,567,29
433,571,23
433,576,27
433,578,21
433,579,25
433,580,47
433,584,22
433,585,575
433,586,20
433,588,31
433,591,25
433,592,273
433,594,119
433,598,34
433,600,132
433,611,29
433,612,57
433,613,20
433,616,146
433,617,105
433,618,376
433,619,60
433,620,113
433,621,23
433,626,122
433,627,29
433,628,22
433,629,35
433,630,62
433,631,339
433,633,725
433,635,120
433,636,21
433,640,61
433,643,36
433,644,22
433,645,172
433,647,35
433,653,149
433,654,58
433,655,22
433,656,26
433,660,653
433,661,21
433,664,42
433,666,22
433,670,162
433,672,99
433,673,30
433,680,322
433,687,170
433,688,949
433,693,69
433,694,118
433,696,20
433,697,288
433,698,24
433,700,23
433,701,21
452,99,24
452,367,113
452,370,29
452,387,252
452,389,361
452,391,21
452,409,25
452,411,20
452,412,154
452,430,21
452,431,30
452,432,839
452,433,1967
452,450,24
452,451,321
452,452,1708
452,468,49
452,469,628
452,488,217
452,505,226
452,506,32
469,433,109
469,452,292
469,468,22
469,469,743
469,470,135
469,487,25
469,488,1117
469,505,110,663787,,,,,
470,433,38
470,452,24
470,469,127
470,488,611
470,505,21
488,99,22
488,367,33
488,387,94
488,389,103
488,412,51
488,432,67
488,433,555
488,450,26
488,452,159
488,468,64
488,469,1102
488,470,638
488,487,105
488,488,3884
488,505,2528
488,506,682
505,7,23
505,52,79
505,54,31
505,61,105
505,99,197
505,110,118
505,133,72
505,161,91
505,241,75
505,367,100
505,387,544
505,389,812
505,409,83
505,412,168
505,432,94
505,433,1339
505,444,21
505,450,150
505,452,167
505,468,124
505,469,51
505,486,63
505,487,549
505,488,2787
505,501,87
505,504,106
505,505,7791
505,506,5423
505,523,209
505,524,926
505,530,145
505,540,266
505,550,69
505,553,52
505,585,368
505,600,59
505,618,58
505,626,53
505,631,84
505,633,191
505,635,21
505,660,159
505,670,20
505,680,20
505,688,206
505,697,58
506,99,76
506,110,79
506,133,29
506,161,28
506,367,30
506,387,202
506,389,205
506,409,36
506,412,64
506,432,36
506,433,553
506,450,33
506,452,62
506,468,23
506,469,22
506,488,704
506,501,32
506,505,5773
506,506,3366
506,523,76
506,524,436
506,530,42
506,540,117
506,585,122
506,600,23
506,616,31
506,618,32
506,626,33
506,631,43
506,633,93
506,645,22
506,688,44,711402,,,,,
524,7,33
524,53,21
524,87,28
524,99,21
524,110,74
524,133,62
524,161,30
524,177,39
524,261,42
524,367,71
524,387,30
524,389,98
524,433,76
524,450,39
524,488,20
524,498,29
524,501,45
524,503,25
524,504,40
524,505,766
524,506,317
524,522,68
524,523,486
524,524,621
524,540,1179
524,555,45
524,571,27
524,601,24
524,616,43
524,618,31
524,627,20
524,672,88
540,7,132
540,40,47
540,41,27
540,52,50
540,86,58
540,99,87
540,110,367
540,120,26
540,121,38
540,133,33
540,161,71
540,177,30
540,241,20
540,261,26
540,367,93
540,385,21
540,387,132
540,389,373
540,391,64
540,402,21
540,409,20
540,412,24
540,433,305
540,450,25
540,452,22
540,488,21
540,501,55
540,504,24
540,505,244
540,506,83
540,522,47
540,523,335
540,524,1260
540,530,25
540,539,258
540,540,3136
540,550,70
540,552,110
540,553,585
540,554,125
540,555,2098
540,569,104
540,570,52
540,571,192
540,585,362
540,588,85
540,600,124
540,613,26
540,616,405
540,617,81
540,618,208
540,619,30
540,626,23
540,628,31
540,630,59
540,631,208
540,633,146
540,645,45
540,654,20
540,660,29
540,663,32
540,664,91
540,670,65
540,672,282
540,673,36
540,674,48,729312,,,,,
555,7,82
555,18,35
555,53,45
555,61,24
555,74,21
555,99,41
555,110,182
555,133,118
555,161,54
555,177,33
555,229,21
555,232,28
555,260,20
555,261,101
555,283,88
555,367,150
555,387,90
555,389,117
555,391,40
555,433,100
555,505,20
555,524,39
555,530,23
555,540,1722
555,550,55
555,552,24
555,553,49
555,554,31
555,555,1393
555,570,20
555,571,939
555,579,49
555,585,66
555,588,109
555,600,25
555,601,21
555,603,20
555,616,176
555,617,72
555,618,266
555,619,45
555,628,48
555,629,20
555,630,25
555,631,205
555,633,80
555,645,32
555,653,20
555,654,111
555,660,95
555,664,35
555,670,23
555,672,87
571,7,23
571,18,36
571,110,39
571,133,38
571,161,25
571,261,22
571,367,35
571,385,45
571,387,23
571,389,61
571,433,51
571,540,193
571,553,54
571,554,20
571,555,814
571,570,57
571,571,1027
571,585,64
571,586,20
571,588,226
571,600,29
571,616,130
571,617,41
571,618,162
571,630,24
571,631,129
571,633,60
571,645,36
588,571,193
588,587,21
588,588,364,740709,,,,,
603,588,198
603,603,24
603,604,21
604,604,106
604,616,415
604,617,249
604,618,28
615,7,36
615,41,59
615,110,42
615,389,65
615,585,77
615,600,28
615,614,28
615,615,1108
615,616,1122
615,629,303
615,630,56
615,631,26
615,664,25
615,672,37
615,698,36
616,7,191
616,40,81
616,41,27
616,52,100
616,53,30
616,54,20
616,61,67
616,62,21
616,72,26
616,86,27
616,87,28
616,99,167
616,110,383
616,121,43
616,133,77
616,161,126
616,170,21
616,177,21
616,232,24
616,240,21
616,241,70
616,260,35
616,261,57
616,367,90
616,385,20
616,387,270
616,389,663
616,391,27
616,409,59
616,412,24
616,432,28
616,433,228
616,438,22
616,465,22
616,498,24
616,501,58
616,505,65
616,506,32
616,524,38
616,529,42
616,530,128
616,540,235
616,550,49
616,552,25
616,553,70
616,555,91
616,563,49
616,564,29
616,567,22
616,571,57
616,579,25
616,580,31
616,581,21
616,584,62
616,585,580
616,586,22
616,587,23
616,588,278
616,592,78
616,594,55
616,598,35
616,600,136
616,601,21
616,603,112
616,604,121
616,611,46
616,612,44
616,613,47
616,615,1043
616,616,7076
616,617,525
616,618,1110
616,619,143
616,620,35
616,626,146
616,627,44
616,628,48
616,629,139
616,630,3657
616,631,1235
616,632,31
616,633,943
616,635,42
616,640,29
616,642,79
616,643,61
616,644,78
616,645,343
616,647,30
616,653,108
616,654,50
616,656,28
616,660,302
616,664,57
616,670,74
616,671,36
616,672,427
616,673,87
616,680,69
616,687,28
616,688,307
616,693,25
616,694,61
616,697,80
616,698,22
617,52,22
617,99,114
617,110,91
617,133,102
617,161,103
617,241,20
617,261,21
617,367,20
617,387,44
617,389,558
617,433,96
617,530,136
617,540,55
617,571,20
617,585,144
617,588,151
617,592,142
617,594,32
617,600,65
617,604,191
617,616,1069
617,617,6052
617,618,8421
617,619,287
617,626,100
617,630,861
617,631,3767
617,633,840
617,635,22
617,644,147
617,645,382
617,647,26
617,653,48
617,654,25
617,688,209
617,693,24
617,694,174
617,697,32
618,7,122
618,13,20
618,18,57
618,43,54
618,52,273
618,53,67
618,54,70
618,61,180
618,62,92
618,72,62
618,81,24
618,99,483
618,110,460
618,120,44
618,121,72
618,133,251
618,161,386
618,170,61
618,177,63
618,229,48
618,232,42
618,240,21
618,241,199
618,260,173
618,261,207
618,367,179
618,370,21
618,383,21
618,385,65
618,387,512
618,389,2278
618,393,32
618,407,24
618,409,102
618,412,47
618,424,51
618,432,24
618,433,523
618,438,112
618,444,59
618,446,20
618,456,20
618,498,107
618,501,70
618,505,87
618,506,33
618,512,48
618,513,20
618,524,24
618,528,61
618,529,73
618,530,683
618,540,203
618,550,166
618,551,101
618,552,53
618,553,42
618,554,25
618,555,214
618,559,85
618,562,23
618,563,158
618,564,113
618,567,50
618,571,74
618,578,40
618,579,93
618,580,126
618,581,24
618,583,22
618,584,87
618,585,902
618,586,39
618,588,391
618,591,25
618,592,468
618,593,27
618,594,170
618,598,100
618,599,24
618,600,184
618,601,24
618,603,76
618,604,62
618,606,20
618,611,136
618,612,131
618,613,50
618,616,1307
618,617,9247
618,618,19023
618,619,2420
618,620,206
618,621,43
618,626,356
618,627,77
618,629,107
618,630,631
618,631,2968
618,632,281
618,633,3085
618,635,158
618,640,116
618,643,58
618,644,204
618,645,826
618,647,179
618,653,324
618,654,107
618,655,47
618,656,103
618,660,838
618,661,30
618,664,44
618,666,47
618,669,91
618,670,187
618,672,178
618,679,56
618,680,403
618,687,336
618,688,1387
618,689,21
618,693,183
618,694,270
618,696,29
618,697,484
618,698,79
618,700,71
618,701,127
618,702,152
619,7,22
619,52,51
619,62,22
619,99,95
619,110,75
619,133,62
619,161,84
619,241,54
619,260,26
619,261,48
619,367,37
619,387,90
619,389,428
619,424,22
619,433,75
619,438,46
619,498,36
619,512,24
619,513,20
619,528,28
619,529,35
619,530,184
619,540,32
619,550,41
619,555,34
619,559,32
619,562,38
619,563,46
619,564,45
619,579,31
619,580,39
619,585,125
619,588,66
619,591,22
619,592,202
619,593,22
619,594,93
619,600,61
619,611,32
619,612,25
619,616,205
619,617,377
619,618,2902
619,619,850
619,620,91
619,621,32
619,626,68
619,628,20
619,629,23
619,630,145
619,631,708
619,632,305
619,633,3029
619,635,38
619,640,21
619,643,21
619,644,77
619,645,378
619,647,34
619,653,57
619,654,26
619,656,36
619,660,54
619,670,52
619,680,133
619,681,20
619,687,57
619,688,261
619,693,40
619,694,117
619,696,30
619,697,170
619,698,23
619,700,46
619,701,67
619,702,94
628,7,20
628,99,24
628,110,120
628,120,27
628,161,24
628,367,25
628,387,22
628,389,62
628,433,28
628,530,28
628,585,95
628,600,25
628,611,23
628,612,88
628,613,21
628,614,84
628,616,75
628,618,62
628,626,96
628,627,176
628,628,1082
628,629,904
628,631,42
628,633,70
628,642,241
628,643,302
628,645,32
628,653,38
628,655,33
628,660,35
628,664,109
628,674,22
628,688,20
628,694,23
629,7,112
629,19,21
629,53,79
629,99,86
629,110,39
629,120,30
629,133,28
629,161,34
629,232,98
629,261,146
629,363,25
629,367,84
629,387,60
629,388,25
629,389,422
629,404,28
629,433,75
629,481,20
629,530,35
629,550,158
629,553,20
629,570,21
629,584,25
629,585,753
629,586,131
629,600,165
629,601,61
629,603,21
629,611,24
629,612,33
629,613,191
629,614,330
629,615,264
629,616,236
629,618,97
629,626,59
629,627,108
629,628,1143
629,629,1903
629,630,24
629,631,121
629,633,102
629,642,46
629,643,84
629,645,30
629,653,34
629,654,132
629,660,56
629,665,28
629,672,44
629,688,57,879300,,,,,
630,7,31
630,52,35
630,53,20
630,99,86
630,110,127
630,133,71
630,161,85
630,260,22
630,261,21
630,367,22
630,387,99
630,389,320
630,409,25
630,433,54
630,530,74
630,540,26
630,550,30
630,555,32
630,584,20
630,585,164
630,588,114
630,592,48
630,594,24
630,600,37
630,615,38
630,616,3296
630,617,724
630,618,813
630,619,113
630,626,82
630,629,52
630,630,1982
630,631,3068
630,632,28
630,633,640
630,635,23
630,642,22
630,643,20
630,644,79
630,645,311
630,653,74
630,654,25
630,656,25
630,660,49
630,672,23
630,680,21
630,687,42
630,688,222
630,693,58
630,694,81
630,697,72
630,701,21
631,7,68
631,52,101
631,53,29
631,62,20
631,99,146
631,110,176
631,133,87
631,161,105
631,241,71
631,260,51
631,261,107
631,367,72
631,387,139
631,389,431
631,409,23
631,412,22
631,433,124
631,438,20
631,530,115
631,540,71
631,550,80
631,551,24
631,552,28
631,553,20
631,555,78
631,563,20
631,564,22
631,567,20
631,571,23
631,585,284
631,588,160
631,592,68
631,594,53
631,598,25
631,600,93
631,611,33
631,612,24
631,616,730
631,617,1240
631,618,1516
631,619,207
631,620,25
631,626,107
631,629,54
631,630,2201
631,631,9085
631,632,117
631,633,1193
631,635,23
631,642,42
631,643,24
631,644,698
631,645,636
631,647,30
631,653,94
631,654,30
631,656,25
631,660,174
631,664,23
631,670,32
631,672,42
631,680,60
631,688,337
631,693,24
631,694,111
631,696,20
631,697,88
631,698,21
631,701,25
632,161,21
632,389,56
632,588,21
632,616,39
632,618,111
632,619,37
632,630,37
632,631,244
632,632,40
632,633,196
632,644,1214
632,645,789
632,688,25
632,694,31
633,7,148
633,18,45
633,50,24
633,52,348
633,53,81
633,54,82
633,55,20
633,61,483
633,62,165
633,72,99
633,81,25
633,85,87
633,87,42
633,99,1253
633,110,727
633,120,99
633,121,115
633,133,616
633,161,451
633,170,79
633,177,86
633,229,32
633,232,87
633,241,328
633,258,26
633,260,215
633,261,148
633,305,82
633,339,27
633,357,74
633,367,236
633,370,36
633,379,26
633,385,57
633,387,830
633,389,6467
633,391,49
633,393,21
633,402,47
633,407,21
633,409,167
633,412,127
633,424,55
633,432,91
633,433,1198
633,438,151
633,444,90
633,498,132
633,501,94
633,505,169
633,506,111
633,512,20
633,513,29
633,524,20
633,528,76
633,529,100
633,530,989
633,540,184
633,550,248
633,551,87
633,552,65
633,553,52
633,554,24
633,555,166
633,559,55
633,563,124
633,564,199
633,567,59
633,571,121
633,579,71
633,580,102
633,581,55
633,584,176
633,585,2061
633,586,64
633,587,41
633,588,605
633,592,387
633,594,178
633,598,77
633,600,485
633,601,79
633,603,76
633,606,20
633,611,142
633,612,161
633,613,65
633,615,46
633,616,1854
633,617,1769
633,618,4599
633,619,3989
633,620,209
633,625,23
633,626,562
633,627,83
633,628,57
633,629,130
633,630,961
633,631,5337
633,632,932
633,633,29335
633,635,157
633,640,168
633,642,43
633,643,93
633,644,1140
633,645,9919
633,647,103
633,653,374
633,654,102
633,655,73
633,656,48
633,660,1467
633,661,93
633,663,22
633,664,83
633,666,27
633,668,43
633,669,54
633,670,389
633,672,207
633,673,22
633,679,110
633,680,780
633,681,49
633,686,28
633,687,918
633,688,4598
633,689,53
633,693,197
633,694,506
633,696,47
633,697,848
633,698,121
633,700,20
633,701,226
633,702,272
641,389,34
641,600,20
641,612,58
641,626,109
641,627,248
641,641,552
641,642,297
641,643,83
641,653,34
641,655,207
642,7,70
642,41,109
642,52,66
642,99,24
642,110,126
642,161,24
642,367,42
642,389,43
642,433,33
642,585,23
642,600,35
642,612,189
642,613,26
642,615,64
642,616,46
642,618,28
642,626,194
642,627,507
642,628,225
642,629,50
642,641,225
642,642,2968
642,643,3701
642,645,20
642,653,23
642,654,22
642,655,676
642,672,160
642,673,24
642,685,361
642,698,69
643,7,40
643,41,22
643,52,57
643,61,26
643,99,57
643,110,64
643,133,31
643,161,36
643,241,39
643,261,23
643,367,27
643,387,50
643,389,99
643,433,60
643,505,27
643,530,48
643,550,50
643,553,22
643,564,24
643,567,23
643,580,22
643,585,221
643,594,31
643,598,28
643,599,67
643,600,39
643,611,47
643,612,311
643,613,76
643,616,69
643,618,61
643,620,22
643,626,290
643,627,505
643,628,226
643,629,83
643,630,22
643,631,50
643,633,87
643,635,24
643,640,52
643,641,55
643,642,4369
643,645,29
643,653,114
643,654,28
643,655,125
643,660,136
643,664,24
643,670,28
643,672,67
643,673,24
643,680,25
643,685,25
643,688,112
643,694,25
643,697,28
643,698,27
644,99,32
644,110,27
644,133,32
644,161,21
644,367,22
644,389,151
644,433,44
644,585,22
644,588,50
644,600,27
644,616,111
644,617,95
644,618,275
644,619,53
644,626,20
644,630,82
644,631,1117
644,632,1172
644,633,815
644,645,899
644,687,26
644,688,113
644,693,31
644,694,71
644,697,21
645,7,37
645,18,20
645,43,23
645,52,121
645,54,35
645,61,151
645,62,46
645,85,24
645,99,339
645,110,221
645,120,21
645,121,45
645,133,156
645,161,168
645,170,24
645,177,30
645,232,30
645,241,144
645,260,75
645,261,38
645,367,50
645,370,21
645,385,21
645,387,224
645,389,1276
645,407,28
645,409,64
645,412,23
645,424,21
645,432,27
645,433,188
645,438,39
645,444,25
645,498,36
645,501,29
645,505,20
645,528,30
645,529,40
645,530,258
645,540,30
645,550,79
645,551,49
645,553,21
645,555,73
645,559,20
645,563,40
645,564,42
645,567,34
645,571,29
645,579,20
645,580,37
645,584,59
645,585,456
645,588,187
645,592,180
645,594,64
645,598,58
645,600,112
645,603,22
645,611,78
645,612,57
645,615,29
645,616,559
645,617,546
645,618,1094
645,619,346
645,620,55
645,626,153
645,627,20
645,628,32
645,629,36
645,630,335
645,631,1659
645,632,1423
645,633,7680
645,635,90
645,640,58
645,643,48
645,644,1161
645,647,61
645,653,139
645,654,47
645,655,27
645,656,47
645,660,419
645,663,20
645,664,24
645,666,26
645,670,154
645,671,22
645,672,57
645,679,93
645,680,454
645,681,54
645,685,26
645,686,22
645,687,565
645,688,1821
645,689,34
645,693,161
645,694,335
645,696,41
645,697,453
645,698,113
645,700,30
645,701,114
645,702,164
654,653,22
654,654,209
654,655,87
654,664,24
655,99,21
655,110,27
655,133,26
655,161,30
655,389,96
655,433,22
655,585,68
655,594,21
655,599,24
655,600,45
655,611,37
655,612,169
655,616,32
655,618,90
655,619,30
655,625,20
655,626,395
655,627,326
655,628,35
655,629,27
655,630,21
655,631,40
655,633,49
655,635,36
655,640,155
655,641,346
655,642,674
655,643,223
655,645,31
655,653,228
655,654,228
655,655,981
655,660,52
655,664,889
655,670,27
655,687,22
655,688,53
655,694,37
660,7,113
660,18,21
660,50,52
660,52,276
660,53,60
660,54,112
660,61,794
660,62,143
660,72,43
660,87,51
660,99,624
660,110,428
660,120,51
660,121,30
660,133,124
660,161,174
660,170,35
660,177,25
660,229,30
660,232,27
660,241,229
660,245,25
660,260,45
660,261,54
660,367,170
660,385,25
660,387,340
660,389,555
660,409,28
660,412,32
660,424,20
660,433,357
660,438,97
660,455,30
660,498,69
660,501,61
660,505,99
660,512,41
660,529,31
660,530,584
660,550,90
660,563,47
660,564,46
660,580,39
660,585,543
660,592,191
660,594,126
660,600,97
660,611,23
660,616,93
660,618,229
660,619,40
660,620,111
660,626,221
660,627,58
660,630,20
660,631,148
660,633,429
660,635,165
660,640,108
660,643,78
660,645,145
660,647,34
660,650,33
660,651,92
660,653,411
660,654,58
660,655,69
660,656,27
660,659,401
660,660,25957
660,661,405
660,664,42
660,666,20
660,669,46
660,670,5850
660,671,1133
660,672,350
660,673,32
660,679,20
660,680,672
660,681,127
660,687,208
660,688,2232
660,690,26
660,693,61
660,694,121
660,697,627
660,698,38
660,700,31
660,701,64
660,702,26
662,640,21
662,653,190
662,662,268
662,663,224
662,673,49
663,389,66
663,585,27
663,626,134
663,640,129
663,653,809
663,654,105
663,655,22
663,660,20
663,661,20
663,662,70
663,663,2841
663,664,353
663,672,41
663,673,94
663,674,303
663,683,20
664,7,118
664,41,20
664,53,29
664,74,25
664,99,103
664,110,459
664,120,106
664,121,71
664,133,48
664,148,46
664,161,95
664,177,22
664,232,21
664,260,20
664,261,20
664,367,95
664,387,108
664,389,313
664,433,108
664,529,23
664,530,76
664,540,47
664,550,21
664,555,52
664,563,23
664,585,90
664,592,89
664,594,30
664,600,55
664,611,60
664,612,27
664,616,112
664,617,26
664,618,163
664,619,23
664,620,26
664,626,375
664,627,22
664,628,116
664,630,22
664,631,103
664,633,127
664,635,26
664,640,264
664,642,35
664,643,76
664,645,56
664,647,25
664,653,922
664,654,569
664,655,982
664,660,479
664,661,33
664,663,535
664,664,2641
664,670,63
664,672,184
664,673,30
664,674,477
664,688,115
664,694,31
664,697,26,1138392,,,,,
670,7,182
670,52,161
670,53,24
670,54,58
670,61,209
670,62,90
670,74,30
670,99,433
670,110,413
670,120,24
670,121,58
670,133,120
670,161,208
670,177,22
670,191,20
670,232,22
670,241,155
670,260,24
670,261,71
670,367,189
670,387,186
670,389,456
670,409,20
670,433,242
670,438,56
670,501,20
670,505,25
670,530,227
670,540,90
670,550,36
670,555,51
670,580,23
670,585,399
670,592,21
670,594,103
670,600,89
670,613,71
670,616,145
670,617,55
670,618,587
670,619,171
670,620,76
670,626,239
670,627,23
670,628,38
670,630,79
670,631,261
670,633,406
670,635,155
670,640,24
670,643,113
670,644,29
670,645,267
670,647,26
670,650,56
670,653,263
670,654,99
670,655,184
670,656,22
670,659,1910
670,660,6839
670,661,133
670,664,70
670,669,1390
670,670,30353
670,671,884
670,672,248
670,673,31
670,680,1584
670,681,978
670,682,251
670,687,99
670,688,1146
670,693,20
670,694,116
670,697,282
670,698,42
671,110,53
671,387,25
671,389,31
671,616,31
671,645,24
671,655,20
671,659,23
671,660,1077
671,670,1042
671,671,1399
671,672,90
671,673,23
671,680,27
671,681,666
671,682,381
673,626,25
673,653,90
673,662,70
673,663,210
673,672,169
673,673,1007
673,683,106
674,7,23
674,99,22
674,110,79
674,120,31
674,148,29
674,161,23
674,387,24
674,433,37
674,540,22
674,626,86
674,628,40
674,631,27
674,640,66
674,653,249
674,654,49
674,660,66
674,663,348
674,664,616
674,672,26
674,674,712
680,7,63
680,52,278
680,54,68
680,61,437
680,62,198
680,72,22
680,85,22
680,99,809
680,110,629
680,120,33
680,121,24
680,133,255
680,161,424
680,170,25
680,177,24
680,229,20
680,241,159
680,260,73
680,261,24
680,367,84
680,387,297
680,389,1422
680,409,51
680,433,347
680,438,47
680,444,36
680,498,76
680,505,45
680,530,498
680,550,39
680,563,26
680,579,20
680,580,26
680,585,500
680,588,20
680,592,131
680,594,98
680,600,128
680,616,200
680,617,164
680,618,965
680,619,317
680,620,99
680,626,326
680,627,38
680,628,22
680,629,26
680,630,99
680,631,660
680,633,950
680,635,360
680,640,51
680,643,57
680,644,51
680,645,542
680,647,40
680,653,294
680,654,63
680,655,209
680,656,37
680,658,87
680,659,184
680,660,1723
680,661,152
680,664,22
680,666,36
680,667,22
680,668,278
680,669,1450
680,670,1764
680,671,20
680,672,186
680,678,20
680,679,1533
680,680,46591
680,681,2596
680,686,21
680,687,458
680,688,7649
680,689,1478
680,690,20
680,693,105
680,694,234
680,697,711
680,698,53
680,700,32
680,701,52
681,7,25
681,389,97
681,433,25
681,528,27
681,550,27
681,618,43
681,619,52
681,631,45
681,633,114
681,645,35
681,660,216
681,669,33
681,670,531
681,671,588
681,680,2018
681,681,1600
681,682,96
681,688,53
681,689,429
682,660,35
682,670,168
682,671,346
682,681,167
682,682,47
683,653,37
683,663,24
683,664,33
683,672,30
683,673,136
686,62,27
686,99,56
686,110,42
686,161,25
686,241,24
686,389,72
686,433,38
686,530,40
686,585,23
686,594,30
686,617,21
686,618,93
686,626,45
686,631,20
686,633,26
686,645,51
686,647,48
686,653,36
686,655,23
686,656,49
686,660,75
686,666,102
686,667,21
686,677,118
686,680,21
686,684,28
686,685,1834
686,686,5453
686,687,714
686,688,828
686,692,64
686,693,147
686,694,58
686,697,183
687,7,81
687,52,174
687,54,44
687,61,520
687,62,195
687,99,1002
687,110,652
687,121,28
687,133,260
687,161,448
687,177,30
687,232,23
687,241,175
687,260,42
687,261,26
687,367,64
687,387,322
687,389,706
687,409,143
687,412,66
687,433,454
687,438,59
687,530,505
687,550,53
687,570,21
687,580,27
687,585,414
687,586,44
687,592,54
687,594,85
687,600,218
687,612,24
687,616,131
687,617,210
687,618,1173
687,619,418
687,620,28
687,626,450
687,627,23
687,628,58
687,630,238
687,631,981
687,632,69
687,633,1722
687,635,135
687,640,23
687,642,22
687,643,87
687,644,130
687,645,1331
687,647,85
687,653,541
687,654,31
687,655,376
687,656,70
687,660,1089
687,661,24
687,664,21
687,666,102
687,667,24
687,668,99
687,669,20
687,670,425
687,672,21
687,677,20
687,678,529
687,679,3474
687,680,1028
687,681,47
687,685,196
687,686,888
687,687,20420
687,688,25737
687,689,23
687,690,43
687,693,1729
687,694,4222
687,696,55
687,697,1139
687,698,362
687,700,72
687,701,132
687,702,180
688,7,345
688,18,21
688,43,29
688,50,217
688,52,1354
688,53,84
688,54,446
688,61,4265
688,62,1169
688,72,160
688,74,21
688,81,25
688,85,28
688,87,187
688,99,5989
688,110,2322
688,120,119
688,121,193
688,133,916
688,161,1219
688,170,145
688,177,151
688,229,58
688,232,81
688,241,746
688,245,57
688,260,150
688,261,83
688,367,357
688,385,79
688,387,1558
688,389,3487
688,402,48
688,407,20
688,409,420
688,412,247
688,424,82
688,432,42
688,433,1964
688,438,412
688,444,59
688,455,49
688,488,20
688,498,192
688,501,109
688,505,272
688,506,114
688,512,107
688,528,114
688,529,165
688,530,2634
688,550,326
688,551,23
688,553,64
688,559,53
688,563,133
688,564,95
688,580,218
688,581,21
688,584,20
688,585,2945
688,588,21
688,592,671
688,594,565
688,600,872
688,611,68
688,612,162
688,616,636
688,617,1002
688,618,3297
688,619,869
688,620,397
688,625,20
688,626,1649
688,627,62
688,628,99
688,629,98
688,630,589
688,631,3786
688,632,114
688,633,6853
688,635,580
688,640,353
688,642,40
688,643,294
688,644,369
688,645,3414
688,647,572
688,651,57
688,653,1569
688,654,225
688,655,390
688,656,444
688,659,95
688,660,6114
688,661,543
688,664,191
688,665,52
688,666,323
688,667,476
688,668,801
688,669,1032
688,670,2395
688,672,674
688,673,54
688,677,128
688,678,457
688,679,10365
688,680,10691
688,681,260
688,685,196
688,686,1431
688,687,31818
688,688,177758
688,689,580
688,690,74
688,693,1516
688,694,12298
688,695,33
688,696,119
688,697,4061
688,698,809
688,700,192
688,701,513
688,702,377
689,99,48
689,110,30
689,133,68
689,161,21
689,389,40
689,618,80
689,619,39
689,631,86
689,633,161
689,645,87
689,660,44
689,670,89
689,679,26
689,680,1755
689,681,320
689,687,59
689,688,694
693,7,25
693,52,66
693,61,81
693,62,42
693,99,186
693,110,184
693,121,23
693,133,46
693,161,148
693,177,24
693,241,58
693,261,23
693,367,22
693,387,73
693,389,163
693,409,34
693,433,93
693,438,31
693,530,107
693,585,153
693,594,31
693,600,32
693,616,43
693,617,126
693,618,363
693,619,185
693,620,24
693,626,166
693,628,22
693,630,65
693,631,336
693,632,31
693,633,281
693,635,40
693,640,23
693,643,40
693,644,43
693,645,218
693,653,94
693,655,99
693,656,35
693,660,248
693,666,22
693,670,61
693,679,33
693,680,165
693,686,27
693,687,628
693,688,989
693,690,35
693,691,20
693,692,41
693,693,5610
693,694,2459
693,696,60
693,697,881
693,698,1270
693,700,92
693,701,88
693,702,178
694,7,61
694,52,120
694,54,57
694,61,266
694,62,108
694,72,23
694,99,377
694,110,343
694,121,49
694,133,157
694,161,251
694,170,20
694,176,29
694,177,54
694,241,113
694,260,20
694,261,25
694,367,62
694,387,242
694,389,371
694,409,73
694,433,222
694,438,23
694,528,20
694,530,161
694,550,55
694,585,262
694,594,34
694,600,97
694,612,87
694,616,96
694,617,496
694,618,883
694,619,325
694,620,45
694,625,65
694,626,363
694,628,51
694,630,298
694,631,845
694,632,100
694,633,764
694,635,64
694,640,64
694,642,23
694,643,83
694,644,179
694,645,745
694,647,80
694,653,287
694,654,87
694,655,245
694,656,57
694,660,671
694,661,36
694,664,76
694,666,70
694,667,30
694,668,44
694,669,86
694,670,237
694,672,119
694,677,26
694,678,84
694,679,222
694,680,429
694,681,40
694,685,53
694,686,110
694,687,3655
694,688,10030
694,690,24
694,693,4108
694,694,172
694,696,56
694,697,854
694,698,522
694,700,57
694,701,114
694,702,128
696,690,23
696,695,34
696,696,397
696,697,170
696,700,641
696,701,928
697,7,96
697,41,21
697,43,38
697,50,66
697,52,600
697,53,31
697,54,205
697,60,20
697,61,1690
697,62,518
697,72,71
697,87,80
697,99,1170
697,110,892
697,120,53
697,121,36
697,133,149
697,161,300
697,170,100
697,177,80
697,229,27
697,232,24
697,240,21
697,241,397
697,260,50
697,261,41
697,367,91
697,387,384
697,389,642
697,409,87
697,412,32
697,424,19
697,433,407
697,438,159
697,498,89
697,501,24
697,505,92
697,512,67
697,528,24
697,529,32
697,530,892
697,550,121
697,563,44
697,564,24
697,580,75
697,585,437
697,588,21
697,592,285
697,594,122
697,600,79
697,611,24
697,616,46
697,617,145
697,618,650
697,619,268
697,620,82
697,626,219
697,630,56
697,631,485
697,633,1026
697,635,186
697,640,24
697,643,66
697,644,22
697,645,480
697,647,84
697,653,433
697,655,33
697,656,124
697,660,1653
697,661,20
697,666,45
697,667,66
697,670,284
697,672,20
697,679,100
697,680,689
697,685,28
697,686,84
697,687,788
697,688,3955
697,690,172
697,691,79
697,692,210
697,693,1302
697,694,506
697,695,205
697,696,2313
697,697,35915
697,698,1616
697,700,882
697,701,8241
697,702,8784
697,703,131
697,705,30
697,706,27
697,708,21
698,7,167
698,41,97
698,52,68
698,54,32
698,61,87
698,62,37
698,99,176
698,110,281
698,133,59
698,161,106
698,387,35
698,389,125
698,433,81
698,530,71
698,585,56
698,615,58
698,616,82
698,617,69
698,618,402
698,619,186
698,626,41
698,630,61
698,631,294
698,633,306
698,635,32
698,642,25
698,643,24
698,644,54
698,645,243
698,653,98
698,660,226
698,664,20
698,670,56
698,672,115
698,673,26
698,680,52
698,685,22
698,687,255
698,688,753
698,693,1168
698,694,437
698,696,65
698,697,2327
698,698,9927
698,700,97
698,701,198
698,702,1976
700,52,36
700,99,49
700,110,73
700,161,39
700,241,25
700,389,40
700,433,21
700,438,30
700,530,43
700,617,41
700,618,177
700,619,108
700,630,21
700,631,47
700,633,20
700,645,47
700,660,30
700,680,26
700,687,23
700,688,110
700,690,27
700,693,88
700,694,20
700,696,656
700,697,642
700,698,48
700,699,372
700,700,4216
700,701,540
700,702,55
700,705,267
700,706,706
700,707,75
700,708,88
701,7,24
701,52,59
701,54,21
701,61,69
701,62,38
701,99,140
701,110,170
701,121,20
701,133,53
701,161,99
701,177,20
701,241,21
701,387,27
701,389,155
701,433,53
701,438,20
701,530,63
701,585,25
701,617,42
701,618,386
701,619,181
701,626,41
701,630,25
701,631,156
701,633,315
701,644,22
701,645,155
701,653,41
701,655,26
701,660,127
701,680,36
701,687,70
701,688,412
701,690,28
701,692,48
701,693,205
701,694,69
701,695,147
701,696,3789
701,697,6866
701,698,98
701,700,889
701,701,2642
701,702,506
701,706,21
702,99,139
702,110,144
702,161,97
702,389,117
702,433,20
702,530,21
702,617,43
702,618,363
702,619,267
702,630,41
702,631,116
702,632,22
702,633,390
702,643,25
702,644,21
702,645,177
702,653,26
702,687,81
702,688,343
702,690,21
702,693,301
702,694,46
702,695,21
702,696,209
702,697,7345
702,698,1958
702,700,149
702,701,490
702,702,4982
702,703,43
703,697,65
703,702,97
705,161,21
705,696,28
705,697,59
705,699,48
705,700,447
705,704,112
705,705,161
705,706,349
705,707,110
705,708,326
706,696,21
706,697,24
706,699,92
706,700,1055
706,705,727
706,706,893
706,707,28
706,708,114
708,700,142
708,705,333
708,706,108
708,707,21
708,708,119
