source,target,flow
6037,6059,19238
6059,6037,16554
12086,12011,15819
6037,6071,15750
36061,36047,13159
48201,48157,12948
36047,36081,11611
12011,12086,10744
6037,6065,9230
53033,53061,9061
36081,36047,8639
36047,36061,8488
36061,36005,8383
25025,25017,8264
24510,24005,8207
48201,48339,7958
36081,36059,7733
53033,53053,7324
12011,12099,7318
6059,6065,7254
36061,36081,7195
6001,6013,7107
25017,25025,6832
53061,53033,6757
24005,24510,6706
12117,12095,6151
36005,36061,5945
12099,12011,5697
53053,53033,5640
6073,6065,5495
6075,6001,5429
6037,6111,5412
6013,6001,5395
36059,36103,5374
36081,36061,5373
6037,6073,5334
25025,25021,5205
6073,6037,5139
6085,6001,5104
6037,32003,4999
6075,6081,4908
11001,24033,4845
41051,41005,4700
42101,42091,4600
25017,25009,4598
36059,36081,4468
6111,6037,4453
12057,12103,4423
12057,12101,4410
48201,48167,4240
25021,25025,4071
24033,24031,4020
41051,41067,4020
36005,36119,3957
24033,11001,3934
48201,48039,3927
12086,48453,3855
36103,36059,3819
6085,6081,3787
6001,6085,3787
12103,12057,3768
42101,42045,3753
6081,6075,3681
25009,25017,3565
6059,6073,3494
48201,48453,3477
48167,48201,3466
22071,22051,3426
25021,25017,3405
6081,6085,3381
25017,25027,3376
12101,12057,3336
48039,48201,3318
25017,25021,3316
36047,36005,3240
6073,6059,3173
22051,22071,3112
6001,6075,3099
34017,34003,3041
25021,25023,3011
6059,6071,3003
9001,9009,2988
42045,42101,2979
6081,6001,2962
11001,24031,2950
42101,42017,2890
6037,48453,2886
36061,36119,2815
6085,6075,2798
36081,36005,2790
36047,36085,2754
12031,12019,2730
36061,34017,2679
34013,34039,2641
12019,12031,2634
6037,4013,2608
36005,36047,2608
42017,42091,2588
36005,36081,2563
12031,12109,2536
34031,34003,2528
12103,12101,2520
45019,45015,2491
6037,6029,2484
34003,34031,2467
12115,12081,2466
9009,9001,2464
34025,34029,2439
6001,6077,2402
36061,6037,2392
36119,36061,2377
36119,36005,2373
36081,36103,2355
34023,34035,2342
12086,12099,2325
41051,53011,2279
24033,24003,2270
36059,36061,2234
34007,34005,2232
42017,42101,2229
6075,6013,2202
12011,48453,2195
25023,25021,2194
36047,36059,2160
34007,34015,2129
34003,34017,2127
12081,12115,2119
25025,25009,2085
34005,34007,2069
12109,12031,2063
45015,45019,2061
44007,44003,2057
34017,34013,2045
34029,34025,2026
12021,12071,2003
36061,36059,1969
34039,34013,1952
6037,6001,1933
12101,12103,1930
6037,6085,1900
36119,9001,1891
6037,6075,1888
6001,6081,1882
34039,34023,1869
34023,34025,1858
36103,36081,1855
34017,36061,1851
34035,34023,1841
48201,48113,1830
6075,6037,1823
25023,25005,1817
9009,9003,1813
6073,4013,1812
45019,45035,1799
34015,34007,1794
9003,9013,1793
6037,36061,1790
12069,12095,1781
6075,6085,1774
44003,44007,1764
6013,6095,1748
12099,12086,1733
24005,24025,1727
12117,12127,1705
24033,24017,1699
12071,12021,1675
12057,12105,1672
25009,33015,1644
42045,42029,1643
6001,6037,1630
6013,6075,1622
34023,34039,1621
25009,25025,1608
33015,33011,1591
36001,36083,1591
36061,34003,1583
24003,24033,1578
53053,53067,1577
6037,53033,1572
45035,45019,1566
11001,51013,1555
25017,33011,1554
53011,41051,1543
9003,9009,1538
53067,53053,1532
6075,6041,1528
25021,25005,1518
34013,34017,1480
36047,6037,1479
36085,36047,1472
24005,24003,1462
34025,34023,1454
25005,25023,1451
48201,48029,1447
36059,36047,1444
36061,9001,1437
6085,6037,1432
6073,32003,1417
36083,36001,1417
9001,36061,1415
12033,12113,1414
24003,24005,1408
34003,36061,1399
12127,12117,1381
36061,6075,1376
6059,32003,1364
24025,24005,1364
23005,23031,1355
45015,45035,1351
24510,24003,1344
25025,25023,1335
12086,12095,1324
24005,24027,1313
45035,45015,1310
12011,12095,1307
6073,6071,1305
11001,51059,1297
6081,6013,1294
6085,6013,1286
34013,34027,1280
12113,12033,1279
6085,6087,1273
36103,36061,1273
6095,6013,1271
42101,34007,1254
24003,24510,1247
53033,6037,1245
42045,42091,1242
12057,48453,1240
34017,34023,1238
6085,6077,1233
12099,48453,1224
12085,12111,1214
6037,48201,1211
6059,4013,1210
36047,36103,1205
24003,24027,1203
34031,34013,1198
22033,22063,1185
23031,23005,1177
6001,6067,1176
48245,48201,1171
9003,9007,1165
12099,12111,1161
36061,36103,1156
34023,34021,1152
24017,24033,1148
25005,25021,1140
6037,17031,1136
36047,34017,1135
24033,24027,1134
34017,34039,1134
12099,12085,1128
6041,6097,1123
9007,9003,1120
6085,6067,1118
12101,12053,1117
12015,12115,1116
12086,12057,1102
36081,34017,1101
34007,42101,1096
36081,36119,1094
6037,6067,1082
34013,34003,1080
12111,12085,1075
48201,48439,1075
6095,6067,1072
34031,34027,1070
25005,44007,1068
34003,34013,1056
12115,12015,1054
6073,6085,1053
44007,25005,1052
53033,53035,1052
34013,34031,1050
28059,28047,1044
36001,36091,1040
36047,36119,1038
34039,34035,1037
6083,6037,1032
9009,9007,1031
6037,6083,1010
36103,36047,1007
33015,25009,998
53035,53033,994
33015,33017,992
36061,17031,991
22033,22005,991
36001,36093,985
9001,36119,983
36047,34013,982
28047,28059,973
12009,12095,970
24033,51059,966
25023,25025,963
12053,12101,960
12086,12071,949
22063,22033,948
36081,34003,947
12127,12095,945
34021,34005,940
6037,6013,936
6001,6095,931
11001,36061,931
9009,9005,920
22051,22103,915
6041,6075,914
48201,48291,911
6037,36047,909
12057,12095,903
36061,12086,903
34023,34017,902
34013,34023,902
12111,12099,899
6037,6081,897
36119,36079,897
6073,15003,893
1097,1003,890
6087,6085,889
48355,48029,889
11001,51510,877
6085,6073,875
42045,10003,873
48201,6037,870
34003,34027,866
6013,6085,863
6013,6037,859
25021,25027,859
34021,34023,858
9007,9009,857
53033,4013,856
6073,6001,845
33017,33015,845
53033,53067,837
36061,34013,836
6083,6111,830
6013,6067,826
6075,36061,826
34023,34029,826
48061,48215,824
36119,36047,823
48201,48473,821
12099,12095,814
6087,6053,810
25017,36061,810
53035,53053,808
48039,48157,807
48201,48071,805
42101,42029,802
24510,24027,798
36119,36081,796
6073,6075,792
12085,12099,789
53067,53033,787
6037,48113,784
24005,24013,783
12057,12086,777
25017,33015,776
12081,12057,774
48039,48167,774
6055,6095,771
22109,22057,771
6059,6085,768
6037,6019,767
53033,6085,767
6013,6081,766
34039,34017,766
34017,36081,765
6073,53033,763
10003,10001,763
34013,36061,762
22005,22033,759
34017,36047,757
12086,6037,755
6079,6083,753
34035,34039,753
41051,53033,749
48201,48245,746
12031,12089,742
13051,13103,739
53053,53035,739
12011,12057,734
34021,42017,733
53033,41051,732
25017,25023,731
25025,36061,728
36047,48453,728
6053,6087,727
36061,11001,727
9003,9005,726
1003,1097,721
12086,48201,720
36061,42101,719
48167,48039,719
53073,53033,716
12011,12111,711
37129,37019,708
6083,6079,707
42101,10003,707
6097,6041,706
6085,6099,705
12057,12081,705
12089,12031,705
12091,12113,704
34023,34013,701
37065,37127,699
6111,6083,696
36081,6037,696
10005,10001,694
48071,48201,692
6085,6059,691
6037,41051,690
6073,48453,686
36059,12099,686
6001,6073,683
10003,42045,683
6037,15003,681
12091,12131,680
36061,25025,680
34017,34027,679
42101,48453,679
10001,10005,676
42101,36061,676
6081,6037,674
36081,12011,674
22057,22109,672
6013,6077,670
53033,53063,670
48355,48409,668
42101,34005,667
6095,6001,666
36119,36027,666
6059,53033,652
53033,6073,652
36079,36119,649
48409,48355,649
6095,6055,646
10003,42029,646
6075,6097,645
44003,44009,644
10001,10003,641
6085,53033,640
6059,6001,640
37019,37129,640
12035,12127,639
12011,12071,637
6001,6099,634
41039,41051,633
6037,12086,632
10003,42101,631
53061,53053,630
34035,34019,629
53011,41067,629
6111,6073,628
12071,12086,628
37129,37141,627
44009,44003,627
12086,36061,622
9001,9005,621
34005,34021,621
53033,53073,621
53061,53057,620
12117,12069,616
36047,42101,616
6073,48201,615
25023,25001,615
33015,25017,614
34017,34031,611
36071,36111,610
6059,6075,608
12127,12035,607
34005,42101,607
25001,25023,602
22071,22103,602
34039,34027,600
36061,48453,600
12103,48453,598
12113,12091,598
48201,48041,598
24033,24005,595
53011,53015,595
6037,6079,594
6073,6111,593
12057,12011,592
12069,12083,592
44007,44009,592
24005,24033,591
34017,34025,591
6085,6069,590
25023,25017,590
6073,6067,587
12103,12081,587
25025,25027,587
22099,22055,585
53033,6075,584
24005,42133,581
36061,25017,581
10003,24015,580
36103,12099,578
6111,6059,577
36047,34003,577
53053,53061,574
6085,6053,570
36047,34023,569
22033,48201,567
22033,22071,566
12031,12095,565
12111,12061,565
34025,36061,564
36111,36071,564
6085,6047,561
53011,41005,561
9011,9015,560
34003,34023,559
42101,36047,558
22103,22051,558
6075,6073,556
13103,13051,556
24005,24031,555
34003,36081,555
36005,9001,555
25017,25001,554
12131,12091,553
12069,12105,553
34029,34023,553
36027,36111,553
12086,12021,552
25017,6037,551
48245,48361,550
48201,48085,550
48201,48491,549
36047,12011,547
36061,12099,546
36005,34003,544
6037,48439,543
48361,48245,543
48355,48201,541
36087,34003,540
48245,48199,540
24003,24031,539
6053,6085,538
36005,36071,538
48061,48201,538
24033,24510,533
45043,45051,533
22055,22099,533
6075,53033,532
36047,6075,532
36081,36085,531
23005,23001,528
36085,36061,525
6059,48453,523
24510,24025,523
44009,44007,523
53033,6059,522
9003,25013,519
12061,12111,517
22103,22071,517
6081,6067,516
6075,6067,516
9001,9003,516
12031,48453,516
24025,24510,514
6059,6111,513
36081,12086,513
36083,36091,512
12083,12069,510
34035,34027,509
48061,48029,509
24015,10003,507
34031,34017,507
22045,22055,506
53061,53029,505
6001,6059,504
34025,34017,504
36027,36119,504
25025,25005,500
24510,24031,499
36005,48453,499
12086,12031,497
36087,36071,496
53015,53011,496
12071,12011,495
36081,34013,494
45051,45043,494
12081,12103,492
6073,17031,488
34003,34029,488
34023,36061,486
6001,6097,485
24510,24033,485
37129,37183,485
36005,34017,483
11001,17031,482
12086,12087,482
48201,17031,481
34013,36047,480
53033,48453,480
22097,22055,480
6075,36047,479
36085,36081,477
36047,17031,477
42017,34021,476
34001,34007,475
36081,9001,475
36081,34023,475
37141,37129,474
53057,53061,474
9003,9011,470
11001,6037,470
6085,32003,469
36047,12086,469
53029,53061,469
6085,4013,468
42101,34015,468
22051,22089,468
25009,33011,467
41051,41047,467
48201,4013,467
12011,12009,465
6037,36081,464
22055,22097,464
36047,9001,463
12111,12011,462
6073,6025,460
25021,25009,460
6037,48029,459
48201,48121,459
48201,48215,459
10003,10005,458
6001,6041,456
36061,53033,456
36005,34013,456
12071,12015,455
34003,36047,455
22089,22051,454
22113,22055,454
6073,6081,452
12057,12053,452
23031,33017,452
36061,34023,452
36085,34025,451
36111,36027,451
36081,12099,448
48201,6073,448
53073,53057,447
6037,4019,445
36061,12011,444
53033,6001,443
12031,12057,442
36081,48453,442
12011,12031,441
12011,36047,440
53033,32003,440
53033,53011,440
11001,36047,438
44007,25027,437
6073,6013,436
12103,12095,436
34023,34003,436
22071,48201,436
6001,53033,434
6037,49035,434
6097,6075,433
12069,12119,433
25005,25025,433
12053,12057,432
33017,23031,432
36061,36085,432
36061,48201,432
36005,36059,431
22055,22113,430
6013,6073,429
25025,6037,429
34009,34001,429
45041,45031,429
36061,6085,428
41051,6037,428
25017,25005,427
37147,37183,427
53011,53033,427
12011,6037,426
22001,22055,426
9001,36047,424
34029,34005,424
12071,12057,422
12099,12057,422
34007,34001,422
6095,6113,421
9007,9011,421
12086,36047,421
53067,53041,421
25005,25017,420
22103,22105,420
6041,6013,418
6037,8031,418
36071,36027,418
6079,6037,416
23005,23023,416
34039,34025,416
36081,12095,414
36085,34023,414
22071,22087,413
24017,24037,412
6001,48453,411
9003,9001,411
11001,6075,411
12057,12099,411
6037,12011,410
36047,34025,410
36119,36087,410
53073,53061,410
12031,12011,409
25021,25001,409
24025,24015,407
25021,44007,407
36061,34025,407
13051,13029,406
34005,34015,404
34005,34029,404
6001,32003,403
6037,25017,402
24033,51510,402
13029,13051,401
25017,6075,401
33015,33013,400
42101,6037,400
6037,13121,399
34015,42101,399
6073,37133,398
12087,12086,398
36061,34039,398
53035,6073,397
6073,51810,396
53033,36061,396
22055,22001,396
12015,12071,395
25017,36047,394
53053,4013,393
6041,6001,392
36059,36119,392
6085,48453,391
48201,22071,391
6073,48029,390
44007,25021,390
6085,6061,389
6075,6095,389
9011,9007,388
12115,12057,388
36027,36071,388
6037,6107,387
23023,23005,387
36005,12095,387
34003,36087,386
37133,6073,386
53033,53029,386
12011,36061,385
12083,12001,384
25001,25017,384
53033,17031,384
9009,36061,383
36047,36071,383
25017,17031,381
6059,6067,380
6059,48201,380
6037,6077,380
6097,6001,379
12086,36081,379
41051,41039,379
6037,53053,378
34023,36047,378
34035,34017,378
6073,48439,377
9011,9003,377
12086,12111,377
36071,36087,377
48201,48471,377
6073,4019,376
22105,22103,376
6037,11001,375
12086,17031,375
12099,36061,374
44007,44001,374
22071,22033,373
6037,41067,372
34039,36061,372
53057,53073,372
6037,6097,371
25009,25021,371
36079,36027,371
48355,48453,371
12069,12117,370
41051,41017,370
6073,48113,369
36087,36119,369
44001,44007,369
48201,12086,369
6075,6059,368
22051,48201,368
11001,24510,366
12083,12017,366
25025,6075,366
24015,24025,365
34011,48453,365
34015,34005,365
36047,36087,365
12086,12105,364
12057,12031,364
6111,6065,363
36087,36061,363
45015,36091,361
36071,36105,359
6111,32003,358
12061,12009,358
34023,34027,358
36059,12011,358
44007,25017,358
22055,48201,358
24009,24037,357
6059,6013,356
12031,12086,356
12011,36081,356
12057,12115,356
33015,23031,355
12086,12097,354
12071,48453,353
12011,48201,353
34039,34029,353
36047,34039,353
48201,48061,353
6073,6029,352
12086,32003,352
12127,12069,352
24009,24003,352
34003,34039,352
22063,22105,352
22105,22063,352
6013,6041,351
6111,6029,351
36047,6001,351
53033,15003,351
12011,12103,349
12057,12071,349
25009,25027,349
48201,48355,349
22033,22051,348
34017,36005,347
36061,34027,347
6081,6077,346
23011,23025,345
24033,51153,345
9001,12099,344
25017,11001,344
41039,41043,344
6001,4013,343
24003,24035,343
53061,53073,343
6075,17031,342
12071,12099,342
12011,17031,342
12011,13121,341
12069,12097,341
6081,6095,340
6037,6095,340
36047,12099,340
41039,41067,340
6037,4015,339
6037,48085,339
6083,6073,339
6075,41051,339
12099,6037,339
34021,34025,339
36119,36059,339
6081,6073,338
12086,12103,337
36047,11001,337
1003,12033,336
12071,12095,336
36119,12099,336
22033,48453,336
6037,6053,335
25025,36047,335
25017,6085,335
34001,34011,335
25025,44007,334
36119,36071,334
36005,36103,334
12086,13121,333
34013,34035,333
45053,45013,333
12011,12105,332
11001,48453,331
12021,12086,331
34021,34035,331
6013,6097,330
42017,42077,330
48201,22033,330
6059,17031,329
25017,44007,329
34003,36005,329
42017,34005,329
48201,36061,329
48201,48027,329
53033,53057,329
6059,36061,328
12103,12053,328
25017,53033,328
6037,32031,327
9001,36081,326
12009,12061,326
24510,11001,326
28045,28047,326
6085,6097,325
25025,17031,324
34011,34001,324
53033,41067,324
6013,6059,323
24003,24009,323
12086,12009,322
34017,34035,322
44007,25025,322
6085,6019,321
36047,12095,321
6073,36061,320
6111,4013,320
34001,34009,320
36081,36071,320
36061,6001,320
12069,12127,319
13179,13051,319
36061,6073,319
45013,45053,319
6053,6037,318
12117,12009,318
34011,34015,318
36061,13121,318
6037,51059,317
12099,12031,317
34023,36081,317
6085,36061,316
36061,9009,316
53027,53067,316
12099,12009,315
12011,12117,314
53033,53077,314
48201,48209,313
53061,4013,313
34035,34021,311
36081,48201,311
22051,22033,311
6081,6097,310
12011,12021,310
34025,34021,310
34013,34029,310
22051,22095,310
34013,34025,309
6037,47037,308
12111,12086,308
36047,9009,308
36047,25017,308
53033,53037,308
6059,6029,307
12083,12119,307
34015,34033,307
36103,36005,306
36061,36087,306
36061,48113,306
6037,8041,305
12019,12109,305
41019,41039,305
53045,53067,305
6097,6067,304
11001,25017,304
12115,12103,304
36005,36087,304
12009,12011,303
34039,34003,303
6083,6059,302
25017,6073,302
34005,42017,302
12017,12083,301
24003,11001,301
36061,6059,301
12009,12117,300
12129,12073,300
44005,25005,300
53053,15003,300
53035,53045,300
25025,25001,299
34025,36047,299
36059,36005,299
12033,1003,298
34013,36081,298
53061,53035,298
22033,22121,298
10005,10003,297
23031,33015,297
23011,23005,297
12031,12099,296
12057,48201,296
25005,25027,296
36061,36071,296
24047,24045,295
28047,28045,295
53057,53033,295
12117,12097,294
25001,25025,293
6073,6083,292
12099,12071,292
25001,25021,292
22019,48201,292
6097,6013,291
12081,12021,291
34021,36061,291
53029,53033,291
6037,53061,290
12033,6073,290
34003,12099,290
6037,6041,289
12009,12057,289
12086,12117,288
12021,12011,288
12011,12127,288
34017,6037,288
6073,41051,287
6097,6033,287
12011,12073,287
53033,48201,287
22055,22045,287
10005,24045,286
12031,6073,286
12099,36059,286
24045,10005,286
36047,34029,286
6037,6061,285
6053,6073,285
34023,34005,285
36103,36119,285
48061,48453,285
6055,6097,284
12083,12095,284
25017,6001,283
36061,24031,283
48201,8031,283
6059,15003,282
12127,12031,282
34017,34029,282
36103,12011,282
22005,22063,282
6037,6099,281
6037,12095,281
48201,48373,281
6095,6075,280
6059,6081,279
6087,6001,279
9003,25017,279
12103,12011,279
13179,13183,279
25017,48453,279
36047,48201,279
36047,53033,279
24045,24047,278
34003,6037,278
12071,12115,277
48201,32003,277
22071,48453,277
6037,48141,276
36081,34039,276
6085,6095,275
6037,8005,275
12035,12109,275
12091,12033,275
36119,34003,275
36005,12011,275
36071,36119,275
41039,41017,275
22087,22071,275
12086,12073,274
6097,6055,273
11001,51107,273
12117,12011,273
24037,24017,273
13051,48453,272
53053,53063,272
53035,53061,272
24037,24009,271
12011,12097,270
12083,12057,270
24033,24009,270
28059,1097,270
6059,6019,269
12103,12105,269
12101,12105,269
34013,36005,269
37147,37013,269
44009,9011,269
22121,22033,269
37031,37049,268
6001,36061,267
12011,12083,267
12009,12099,267
34001,34015,267
34035,34013,267
36005,36085,267
42017,42029,267
42101,17031,267
48201,53033,267
53053,8041,267
6073,6053,266
6037,12099,266
42101,36081,266
34033,34015,265
34003,34025,265
36081,17031,265
22063,22005,265
6041,6037,264
6073,6019,264
6037,42101,264
12111,12095,264
34031,34037,264
36005,34031,264
36071,36005,264
6111,6053,263
11001,24003,263
11001,42101,263
53045,53035,263
23019,23005,262
36081,42101,262
37013,37147,262
6037,24031,261
6111,6071,261
24033,51013,261
34017,12086,261
36005,12086,261
37049,37031,261
6001,6061,260
6073,49035,260
6037,6087,260
12127,12009,260
36085,36005,260
36047,37119,260
6059,48113,259
9003,36061,259
12103,12115,259
6097,6037,258
9009,9011,258
36119,36103,258
36005,9009,258
48201,6059,258
53053,6037,258
6075,48453,257
9009,36047,257
9003,25025,257
36059,6037,257
6081,6041,256
6059,6083,256
6013,6061,256
9001,36005,256
25005,25001,256
12117,12057,255
48201,13121,255
48201,22051,255
6013,32003,254
6073,51059,254
6037,27053,254
12086,48113,254
12071,12103,254
12099,36103,254
22033,22055,254
12031,12127,253
23019,23009,253
34035,36061,253
6073,4027,252
12057,6037,252
12009,12127,252
24035,24003,252
25021,36061,252
34035,34025,252
41039,41019,252
22033,22047,251
6001,6087,250
12099,12103,250
24025,42133,250
36061,34031,250
36005,36027,250
6095,6037,249
6097,6095,249
12011,12001,249
12011,36059,249
34021,42101,249
36119,6037,249
41051,4013,249
48167,48453,249
22095,22051,249
6085,6065,248
6073,12031,248
12057,17031,248
12053,12103,248
23009,23019,248
36047,6073,248
48201,12011,248
22051,22087,248
9011,44009,247
25017,12099,247
34025,34039,247
48201,40109,247
53067,53045,247
6013,4013,246
36047,42089,246
6037,37119,245
36059,9001,245
36081,36087,245
48273,48355,245
22033,22037,245
12031,12001,244
12075,12001,244
24003,51059,244
53061,53063,244
41051,41009,243
48201,48015,243
34039,36047,242
34031,36061,242
53033,6081,242
6013,48201,241
6037,4025,241
25001,25005,241
53033,6065,241
1097,28059,240
6037,35001,240
6037,48121,240
9011,9009,240
12011,32003,240
34001,42101,240
36061,36027,240
22075,22051,240
12127,48453,239
36061,37119,239
48201,48141,239
6073,53061,238
6037,13089,238
11001,53033,238
12011,4013,238
34017,36119,238
12031,12073,237
12009,12031,237
12099,36081,237
34029,34021,237
34031,34023,237
42045,42017,237
9001,25017,236
12086,6073,236
12103,12086,236
34031,34029,236
22019,22011,236
6059,6079,235
13051,13121,235
25005,44005,235
42017,42045,235
48201,48091,235
53033,36047,235
53033,53007,235
6059,49035,234
6095,6097,234
6079,6073,234
25017,23005,234
41039,41047,234
53029,53057,234
12033,12091,233
34029,34003,233
37133,37129,233
45019,37119,233
22051,22105,233
6037,25025,232
9001,6037,232
6001,6065,231
6037,6025,231
12086,12001,231
12099,36047,231
36027,36079,231
37129,37119,231
45019,45079,231
22047,22033,231
6085,6017,230
6053,6111,230
23005,23011,230
36103,6037,230
48201,22055,230
53033,48113,230
6085,32031,229
6001,6019,229
6001,17031,229
6073,53035,229
12086,37119,229
12011,12085,229
36059,34017,229
36071,36061,229
42101,11001,229
6073,6079,228
6037,26125,228
12086,12127,228
12057,12009,228
12099,17031,228
34021,34029,228
6059,48085,227
6073,6097,227
12031,12103,227
12086,13089,227
44007,44005,227
6085,17031,226
6087,6075,226
12057,12117,226
6085,48201,225
6001,41051,225
6053,6067,225
34015,34011,225
6041,6081,224
6041,6095,224
6073,8041,224
6045,6097,224
12086,13135,224
24033,48453,224
25025,48453,224
34025,12099,224
36047,25025,224
36039,36001,224
36071,36047,224
37133,37141,224
6059,41051,223
6073,53053,223
9009,25017,223
12011,12069,223
12109,12035,223
36083,36093,223
45051,45019,223
53033,53005,223
22055,22033,223
12057,13121,222
36005,34023,222
36027,36061,222
37049,37133,222
12115,12071,221
34025,34013,221
34003,36119,221
36079,9001,221
53033,49035,221
34003,34037,220
36047,41051,220
37031,37133,220
48201,6085,220
53033,16001,220
6095,6085,219
6037,48491,219
13051,13179,219
24003,24013,219
36081,37119,219
36119,9009,219
53061,6073,219
6059,48439,218
6053,6019,218
12033,12031,218
36103,12009,218
12099,12117,217
44005,44007,217
34031,34039,216
45019,45045,216
48201,48407,216
53067,53027,216
22103,22033,216
6073,32031,215
6073,41067,215
36061,8031,215
36047,24031,215
22051,22075,215
6001,36047,214
6037,16001,214
48201,22019,214
48201,48329,214
48469,48201,214
36047,13121,213
12127,12011,212
34011,34033,212
36119,34017,212
22033,22103,212
6013,6099,211
6073,8031,211
6037,13135,211
12086,11001,211
12011,13067,211
12117,12099,211
23005,23017,211
23011,23001,211
36081,24031,211
6097,6073,210
12011,36005,210
12109,12019,210
24039,24045,210
34023,34019,210
36081,12057,210
36087,36047,210
37107,37147,210
12031,51810,209
12011,13135,209
34029,34017,209
34035,34029,209
36005,42101,209
42017,42095,209
42101,34001,209
11001,6001,208
42101,42071,208
6081,6059,207
6081,6087,207
6073,12086,207
12103,12071,207
25025,33011,207
25025,33015,207
36071,36081,207
6085,6079,206
6087,6037,206
12086,36005,206
12103,12099,206
6097,6085,205
11001,51153,205
12031,48201,205
12103,12031,205
36059,12086,205
41051,6073,205
41051,41071,205
48355,48249,205
53061,6037,205
6013,53033,204
12086,13067,204
34025,34003,204
34003,36071,204
36103,37119,204
36047,36027,204
6095,6081,203
6013,48453,203
12086,12115,203
12057,12083,203
36085,34017,203
6097,6045,202
12057,12001,202
12057,12073,202
12117,12105,202
34015,34001,202
36061,51059,202
6081,53033,201
6001,48201,201
6075,6087,201
12057,12097,201
12133,12005,201
34029,34001,201
36059,34003,201
42101,24510,201
53053,6073,201
22053,22019,201
11001,24017,200
12011,12061,200
34033,34011,200
34005,34023,200
34017,9001,200
36103,9001,200
36119,12011,200
41039,41003,200
6073,6077,199
12086,12083,199
34029,34039,199
36047,34031,199
41039,41005,199
22019,22053,199
36061,12095,198
53011,53053,198
53033,6013,198
25025,11001,197
36081,9009,197
36061,4013,197
36087,36005,197
42101,25017,197
48201,6013,197
53053,53011,197
53011,4013,197
53033,6067,197
6001,32031,196
6075,6065,196
9009,25025,196
12011,37119,196
24009,24033,196
34029,34013,196
42101,6075,196
48061,48355,196
6053,6069,195
12011,13089,195
12011,36103,195
24510,24013,195
25017,23031,195
34023,34031,195
36061,34021,195
36047,36001,195
41051,6075,195
42101,42011,195
6085,48113,194
12101,12095,194
25017,48201,194
48167,48157,194
11001,6073,193
12127,12099,193
36005,36079,193
37133,37183,193
41009,41051,193
53053,32003,193
53033,4019,193
53033,53045,193
9003,36047,192
12086,34017,192
12081,48453,192
34023,36085,192
34013,48453,192
42101,24031,192
6073,6095,191
6073,11001,191
12127,12057,191
33015,25025,191
34017,36059,191
36081,13135,191
36061,36111,191
36047,13089,191
6073,8005,190
12031,13121,190
12009,48453,190
12069,12057,190
13051,45013,190
25021,6037,190
36103,48453,190
36081,25017,190
37133,37031,190
37019,45051,190
22105,22033,190
6081,32003,189
6059,4015,189
6079,6029,189
12099,12127,189
24510,36061,189
33017,33011,189
34025,34035,189
36005,12057,189
48409,48007,189
6083,6029,188
12099,48201,188
24510,48453,188
34021,34017,188
48245,48453,188
48355,48273,188
6073,12011,187
6073,17097,187
12099,12073,187
12005,12133,187
12117,12086,187
36061,9003,187
42045,34007,187
6081,6061,186
6073,4025,186
12099,12061,186
34039,36081,186
36081,34031,186
36047,12057,186
36047,36029,186
37141,37133,186
37061,37163,186
42101,12086,186
45013,13051,186
53033,53009,186
6059,48029,185
12011,12115,185
12011,48113,185
12057,48113,185
34003,12011,185
34003,34035,185
36103,34017,185
36061,6081,185
36047,36111,185
48201,48005,185
6037,48157,184
6075,25025,184
9001,25025,184
9003,12099,184
13051,13089,184
24005,11001,184
25009,25023,184
25025,12086,184
25017,12011,184
34001,34029,184
34017,34021,184
42045,34015,184
1097,1073,183
6085,41051,183
6073,36047,183
6037,53011,183
25017,9003,183
34007,42091,183
36047,42077,183
41009,41067,183
41051,41029,183
48201,40143,183
22097,22001,183
6095,6077,182
6073,25017,182
6083,6085,182
9001,17031,182
36081,42089,182
36061,12057,182
48167,48339,182
6013,6113,181
6073,12057,181
6037,36103,181
13039,12031,181
24033,48201,181
24510,42133,181
36061,25021,181
36047,9003,181
41051,48453,181
22103,28109,181
1097,48453,180
6013,6065,180
12011,6073,180
12011,12087,180
12057,4013,180
12057,12127,180
12009,12086,180
25017,36081,180
34029,34027,180
34011,34007,180
34013,12099,180
36005,34039,180
36071,34003,180
48007,48409,180
6037,13067,179
6075,25017,179
6079,6019,179
12053,12017,179
12117,12103,179
24025,24003,179
36005,12097,179
6073,27053,178
6073,48141,178
6037,40109,178
6075,32003,178
12021,12095,178
12021,48453,178
12099,13121,178
25025,53033,178
36085,34029,178
6073,6061,177
6037,49049,177
6087,6073,177
12099,12105,177
12117,48453,177
25001,25027,177
25017,51059,177
53033,27053,177
22045,22099,177
6037,36059,176
6037,37183,176
6037,41005,176
6075,6055,176
11001,48201,176
12031,12009,176
36059,48453,176
36005,42089,176
53033,8031,176
22001,22097,176
6085,6041,175
6085,6071,175
6037,39049,175
6053,15003,175
9001,12011,175
12075,12083,175
25025,42101,175
53061,53067,175
53053,48027,175
6111,6085,174
12086,12069,174
12083,12127,174
24003,10005,174
25025,6073,174
34017,12011,174
36085,36059,174
36047,24510,174
36005,42077,174
6037,6113,173
12057,12069,173
12057,37119,173
12017,12053,173
34005,34001,173
34005,42091,173
36103,4013,173
45013,45019,173
22019,22055,173
6037,4021,172
9001,48453,172
12031,12117,172
25017,9001,172
34023,42017,172
36087,36081,172
48201,12099,172
53033,12086,172
22087,22051,172
11001,25025,171
12071,12051,171
24510,42101,171
25009,23031,171
25023,25009,171
25017,24031,171
34007,42045,171
36047,13135,171
53033,25017,171
22023,22019,171
6037,6017,170
6037,34017,170
12011,12081,170
24033,24021,170
25017,9009,170
25017,12086,170
36047,37183,170
36005,48201,170
42101,34009,170
42101,34021,170
42101,42003,170
48201,48423,170
22101,22045,170
6053,6079,169
12111,12009,169
12099,25017,169
23019,23027,169
34023,12099,169
36061,32003,169
36047,24033,169
41039,53033,169
42101,12011,169
48361,48201,169
53053,37051,169
6001,6029,168
6001,25017,168
6073,24031,168
12086,4013,168
12057,36061,168
12009,12097,168
12101,48453,168
12099,4013,168
34001,34005,168
36103,12095,168
36081,51059,168
36061,41051,168
53033,53027,168
22105,22091,168
6001,6071,167
6083,6065,167
9009,12099,167
12031,6037,167
12087,12011,167
12127,12086,167
12011,12101,167
12117,12031,167
24047,10005,167
34023,42101,167
36081,24510,167
36005,42079,167
36001,36039,167
41051,41003,167
42101,25025,167
48201,12057,167
6001,6113,166
6037,41039,166
6097,6081,166
12031,12003,166
12057,12021,166
23027,23019,166
25025,36081,166
25017,4013,166
34017,17031,166
36103,37183,166
36061,42091,166
37061,37191,166
48201,8041,166
6085,41067,165
6001,6053,165
6037,8059,165
11001,12086,165
12031,12035,165
34025,36085,165
34013,34037,165
48201,12095,165
22033,22105,165
9003,6037,164
12103,12083,164
12071,12081,164
34029,12099,164
34023,6037,164
34023,36005,164
34021,36047,164
36081,34025,164
36119,48453,164
41051,6001,164
6037,17043,163
6079,6059,163
9009,36081,163
9003,48453,163
11001,13121,163
12086,53033,163
12081,12095,163
12065,12073,163
13051,13031,163
24003,24017,163
25023,25027,163
34007,42017,163
36103,12057,163
36005,6037,163
41051,53053,163
48201,48477,163
6073,48085,162
6075,4013,162
12035,12031,162
23005,25017,162
24017,11001,162
36047,48113,162
36071,42103,162
45089,45041,162
48201,6075,162
6081,6099,161
6059,41067,161
6073,12033,161
6037,6023,161
6037,25021,161
6037,29189,161
6053,6001,161
6111,48453,161
9011,9013,161
12009,12103,161
23019,23025,161
24003,6073,161
34003,36059,161
34017,48453,161
36081,6073,161
48201,6001,161
48201,6065,161
53033,41005,161
6059,6097,160
6013,32031,160
6037,8013,160
6037,12103,160
12021,12099,160
12107,12109,160
24017,24009,160
34029,34035,160
36119,12086,160
36027,36021,160
42101,36005,160
48201,48309,160
53053,48141,160
53053,53041,160
53033,2020,160
6013,6017,159
6073,4015,159
6073,48491,159
6037,34003,159
10003,42091,159
11001,8031,159
12083,48453,159
24005,51059,159
36061,24510,159
36061,51013,159
36047,24005,159
36021,36027,159
6001,6017,158
6079,6111,158
9009,48453,158
12061,12099,158
34023,34007,158
34007,34009,158
36061,34035,158
36047,4013,158
42101,42043,158
48201,48185,158
53057,53029,158
6095,6061,157
9003,9015,157
12031,15003,157
12011,37183,157
12099,12021,157
25017,6059,157
36081,4013,157
36081,6075,157
36081,13121,157
36081,36027,157
36021,36083,157
41039,41029,157
44007,36061,157
45051,37019,157
6073,6099,156
12021,12057,156
12099,32003,156
24045,24039,156
44001,44005,156
48039,48339,156
22047,22121,156
22051,48453,156
6059,53053,155
6013,6055,155
9001,48201,155
12103,17031,155
24017,51059,155
36047,12097,155
36047,34027,155
37129,37133,155
37133,37049,155
42101,34017,155
42101,42077,155
48201,48469,155
53053,48029,155
22103,22117,155
6081,4013,154
6001,6055,154
6095,6073,154
6073,8059,154
6037,42003,154
6079,6085,154
24033,6037,154
34025,34005,154
36103,12103,154
36081,37183,154
36061,42003,154
36005,12099,154
53033,41017,154
22045,22113,154
6055,6013,153
6037,22071,153
9001,12086,153
12057,12017,153
12115,12095,153
24005,10005,153
25017,25015,153
36103,12086,153
36081,24033,153
6073,16001,152
6073,48121,152
6073,51710,152
6037,18097,152
6075,6077,152
12103,12017,152
12109,12107,152
12099,12083,152
12033,51810,152
34039,34031,152
36027,9001,152
42101,6073,152
53067,53061,152
22099,22045,152
6073,12099,151
6037,36119,151
9003,12095,151
12111,48453,151
24033,24037,151
25017,25013,151
36047,32003,151
36001,36047,151
48355,48215,151
53033,53031,151
22101,22055,151
6059,48121,150
6111,6079,150
9009,36119,150
25025,23005,150
48201,48481,150
6059,6061,149
6059,8041,149
6073,12095,149
6053,13245,149
12086,42101,149
12015,12027,149
12131,12005,149
13051,12031,149
24003,24025,149
34003,12086,149
36081,12097,149
36081,13089,149
53033,12011,149
6059,8031,148
6037,26163,148
6075,11001,148
12086,12081,148
12086,25025,148
12099,12001,148
24017,24003,148
25023,44007,148
25025,48201,148
34021,34007,148
36081,32003,148
36081,53033,148
36047,6085,148
37147,37107,148
44005,44009,148
45041,45089,148
48201,22103,148
53027,53053,148
53053,41051,148
6041,6085,147
6085,6113,147
6085,25017,147
6059,8005,147
6059,49049,147
6111,6001,147
6083,6075,147
9009,6037,147
12099,36119,147
23005,23019,147
25017,37183,147
42101,48201,147
45051,45079,147
48201,51059,147
53073,53053,147
53053,53045,147
6073,35001,146
6037,39035,146
9001,36103,146
12031,37119,146
12127,12103,146
12107,12001,146
12005,12091,146
24003,24021,146
24510,6037,146
33017,33003,146
34025,34027,146
34023,12011,146
34031,36005,146
36081,9003,146
37117,37147,146
41051,32003,146
45051,37119,146
48201,8005,146
6073,6031,145
11001,24027,145
12101,12017,145
12005,12131,145
36103,48201,145
36059,48201,145
36085,34039,145
45041,45079,145
48201,36047,145
22033,48113,145
6083,6001,144
6087,6081,144
12031,13089,144
12086,25017,144
12057,6073,144
12057,13067,144
23019,23011,144
25025,12011,144
25021,17031,144
34003,9001,144
36081,34027,144
36061,27053,144
42017,36061,144
53053,48453,144
53033,53025,144
6059,4025,143
6013,6019,143
6037,9001,143
6037,12057,143
6037,15009,143
6075,8031,143
12031,12083,143
12103,12127,143
12015,12057,143
12099,9001,143
12083,12031,143
12083,12103,143
25017,6081,143
41039,53011,143
6059,12086,142
6037,40143,142
9003,37119,142
12011,24031,142
12011,53033,142
12057,36047,142
12057,51059,142
12115,48453,142
12099,6073,142
34035,34003,142
53061,53011,142
22105,22051,142
6085,48085,141
25009,36061,141
34023,48201,141
36059,37119,141
36081,24005,141
37133,51153,141
37131,37083,141
41051,6059,141
44009,44005,141
44005,44001,141
44007,25023,141
53009,53033,141
22087,22103,141
6095,6041,140
6073,51153,140
12086,21111,140
12086,48439,140
12107,12031,140
12083,12011,140
25025,9003,140
25017,42101,140
36061,13089,140
6001,15003,139
6037,6047,139
6037,53063,139
12107,12019,139
12091,12005,139
23011,23019,139
25021,33011,139
34009,42101,139
34017,6085,139
34017,42101,139
34039,34019,139
36103,12071,139
42101,24033,139
48201,47157,139
48201,48187,139
53033,6071,139
6037,41017,138
6111,53033,138
12086,12101,138
12011,12055,138
12057,32003,138
23023,23001,138
24005,24021,138
24033,36047,138
28047,28131,138
36061,39049,138
37107,37191,138
42017,34007,138
53061,32003,138
6059,48491,137
6037,8035,137
6037,47157,137
6083,32003,137
9003,12011,137
9003,25027,137
12011,12109,137
12115,12086,137
12099,12069,137
25025,6001,137
25025,9009,137
34013,42101,137
36005,9003,137
36027,36081,137
45019,45063,137
48039,48453,137
48201,6071,137
53053,53077,137
22103,48201,137
6085,6083,136
6073,6087,136
12031,13067,136
12031,13135,136
12103,6037,136
12027,12015,136
34017,48201,136
34013,34005,136
34031,36081,136
36047,34021,136
36027,36047,136
36001,36061,136
42017,34019,136
44007,9015,136
53067,4013,136
53033,11001,136
22019,22023,136
6073,24003,135
6053,6075,135
12031,13039,135
12103,12009,135
24005,6037,135
34013,12011,135
36061,36029,135
45067,45051,135
48201,13067,135
48201,48479,135
53045,53053,135
22051,22109,135
6001,6083,134
6059,6053,134
6059,32031,134
6059,53061,134
6095,32003,134
6037,2020,134
6037,41029,134
6079,6001,134
9009,36005,134
12031,48113,134
34017,36085,134
36061,44007,134
36111,36061,134
36083,36021,134
42101,4013,134
42101,12095,134
48355,48113,134
48469,48029,134
53033,41039,134
6037,48339,133
6087,6067,133
12031,12107,133
12086,24031,133
12009,12105,133
13039,12089,133
36103,6073,133
36059,37183,133
36081,6059,133
36047,39049,133
37049,37147,133
48201,11001,133
53053,53027,133
22071,6037,133
6059,4019,132
6037,12031,132
6075,48201,132
12086,6059,132
12033,15003,132
12041,12001,132
24003,15003,132
25025,9001,132
34023,48453,132
36047,51059,132
36027,36005,132
48201,13135,132
53061,6059,132
6073,6107,131
6073,39049,131
6037,51013,131
6079,6053,131
12011,25017,131
24510,36047,131
36061,39035,131
41051,6085,131
42101,34023,131
48057,48469,131
6081,36061,130
6081,48453,130
6037,8001,130
6111,6075,130
12086,36103,130
12081,12071,130
12099,37119,130
12017,12103,130
12033,51710,130
34017,37119,130
36061,25009,130
44003,25005,130
48201,48303,130
48409,48029,130
6073,4021,129
6073,36081,129
9003,25021,129
12031,12033,129
12031,12105,129
12103,12001,129
12127,12109,129
12011,42101,129
12057,48029,129
12057,53033,129
12115,12011,129
34007,34011,129
36061,36001,129
45029,45019,129
48201,47037,129
1097,12033,128
6037,6031,128
9011,15003,128
24041,24019,128
34025,42101,128
34017,12099,128
34007,34021,128
36047,36055,128
42101,51059,128
45041,45051,128
48201,25017,128
22045,22101,128
6097,6061,127
12086,37183,127
12086,51059,127
12009,12111,127
12099,12097,127
12083,12075,127
24041,24011,127
25025,25013,127
34035,34041,127
36081,48113,127
36047,44007,127
37083,37131,127
41051,17031,127
53053,6071,127
53033,48439,127
6059,16001,126
6059,36047,126
6037,4027,126
6053,6065,126
12099,12115,126
12033,1097,126
13051,13067,126
24003,48029,126
24033,51107,126
34005,34025,126
34015,34009,126
36059,34023,126
36085,12099,126
48201,36081,126
53061,53007,126
53053,6065,126
22019,22033,126
22033,22077,126
1003,1073,125
6085,6111,125
6059,27053,125
6073,53011,125
6075,15003,125
9009,12095,125
12099,24031,125
25025,8031,125
34003,36103,125
34039,12086,125
34007,10003,125
36005,13135,125
36111,36039,125
37083,37127,125
42017,34023,125
45019,45051,125
48201,13089,125
48201,24031,125
53027,53033,125
6001,48113,124
9003,4013,124
12071,17031,124
12127,12083,124
12019,12007,124
12045,12005,124
23015,23005,124
24003,6037,124
24005,12099,124
25025,6085,124
25021,36047,124
37065,37147,124
37061,48453,124
41051,36047,124
48201,48361,124
48355,48439,124
53033,13121,124
53033,48085,124
22071,48113,124
22089,22095,124
22103,28045,124
6059,25017,123
6073,49049,123
6073,53029,123
6023,6089,123
6037,53035,123
9007,9013,123
9001,9011,123
11001,24005,123
12005,12073,123
24009,24017,123
24033,13121,123
36081,36029,123
36061,37183,123
48245,48157,123
6085,15003,122
6085,48491,122
6013,6087,122
6073,12103,122
6055,6001,122
9001,9007,122
11001,36081,122
11001,48113,122
12011,36119,122
25005,44001,122
34039,12011,122
34021,34019,122
34013,34041,122
37047,45051,122
48201,8059,122
48201,37119,122
48355,48491,122
22093,22005,122
6055,6075,121
9001,34017,121
9003,36081,121
12086,6075,121
12083,12086,121
25009,12099,121
25009,25001,121
25009,33017,121
34023,37119,121
36061,36055,121
36047,42003,121
36047,42079,121
48201,48347,121
53053,53073,121
53033,53041,121
22055,22071,121
6085,6057,120
6059,51059,120
6037,55079,120
6097,6059,120
12086,48029,120
12103,12117,120
12011,12015,120
12019,12107,120
12099,25021,120
12099,34003,120
24005,48453,120
24037,24033,120
34013,6037,120
34013,34021,120
36061,42017,120
36047,6059,120
36047,22071,120
36005,37119,120
36079,36061,120
41011,41039,120
42017,42011,120
42101,13121,120
45013,6073,120
48039,48321,120
48201,42003,120
48201,48089,120
48321,48039,120
53067,53011,120
22051,22057,120
22097,22039,120
6085,36047,119
6059,6107,119
6073,41005,119
6053,6013,119
9003,6073,119
11001,6085,119
12071,12105,119
12099,12081,119
13179,13029,119
23031,25017,119
25005,44003,119
34029,42101,119
36061,26125,119
36061,47037,119
36047,8031,119
37147,37117,119
44001,25005,119
48201,39049,119
6081,17031,118
6085,6007,118
6073,8069,118
6023,6067,118
6111,6067,118
12127,12105,118
12085,12011,118
12099,12051,118
12069,12011,118
24003,51013,118
34025,36081,118
36059,4013,118
36081,6001,118
37133,15003,118
42101,12099,118
42101,24005,118
45019,45029,118
48201,2020,118
48007,48355,118
53011,53063,118
22095,22089,118
6041,6073,117
6085,49035,117
6073,45013,117
6037,35049,117
6045,6033,117
12011,51059,117
12019,12001,117
12083,12099,117
25009,23005,117
25025,12099,117
34025,12011,117
34031,36047,117
36059,42101,117
36081,11001,117
36047,13067,117
36047,25021,117
37147,37079,117
48355,48061,117
53035,53031,117
22055,22019,117
1097,1129,116
6037,15001,116
6079,6065,116
9001,37119,116
9003,12057,116
12087,12099,116
12011,9001,116
12011,48029,116
12057,12015,116
12115,12099,116
12099,37183,116
12005,12033,116
24510,17031,116
25009,25005,116
25021,12099,116
34015,42045,116
36103,32003,116
36081,42077,116
36119,25017,116
36005,44007,116
37133,45013,116
41051,8031,116
45035,45029,116
53053,48201,116
22051,48113,116
1097,48201,115
6059,53011,115
6073,37119,115
6055,6067,115
6037,17097,115
6037,49053,115
6087,6013,115
12103,4013,115
12071,12101,115
12057,13089,115
12017,12101,115
12033,12095,115
12069,12009,115
12069,48453,115
25021,33015,115
25017,12057,115
25017,33009,115
33017,33013,115
34023,42091,115
34017,12057,115
36103,25017,115
36059,12095,115
37055,37053,115
37031,37183,115
41051,41007,115
42101,34013,115
45051,45041,115
48201,12031,115
22051,22055,115
6059,8035,114
6073,6041,114
6073,41039,114
6083,4013,114
11001,37183,114
12086,12055,114
12086,36059,114
12057,37183,114
12017,12057,114
13127,13039,114
13191,13127,114
23005,25025,114
24003,42133,114
24011,24041,114
25005,25009,114
34017,6075,114
34031,12099,114
36103,34003,114
36081,36001,114
36047,42011,114
36021,36001,114
37049,37183,114
37147,37119,114
42045,42071,114
42101,53033,114
48245,48167,114
48061,48113,114
53011,53061,114
53031,53035,114
22075,22071,114
6013,6007,113
6013,6057,113
6037,48027,113
9009,9013,113
12033,1053,113
24005,36061,113
24510,51059,113
25017,12103,113
34033,10003,113
34031,34025,113
36103,12101,113
36103,12111,113
36103,45051,113
36081,12071,113
36081,13067,113
36087,34017,113
36119,17031,113
36119,34013,113
37147,37049,113
41009,53015,113
48061,48489,113
48321,48201,113
53053,41067,113
53011,53067,113
22007,22005,113
6081,6053,112
6001,6007,112
6059,13121,112
6013,36061,112
6073,47037,112
6073,53063,112
6037,6007,112
6037,6055,112
6053,4013,112
9001,36059,112
11001,37119,112
11001,41051,112
12086,36119,112
12087,12071,112
12103,12073,112
12103,48201,112
12111,12057,112
12099,12101,112
12099,13135,112
12061,12095,112
12069,12103,112
23019,23021,112
25021,6073,112
34017,36103,112
36005,36001,112
37141,37061,112
48167,48029,112
48355,48007,112
6059,12011,111
6073,41029,111
12099,48113,111
25017,12071,111
34029,34007,111
34023,12095,111
34023,25017,111
34021,34013,111
36059,6073,111
36085,34003,111
41039,41011,111
45051,45067,111
48361,48199,111
48071,48291,111
53035,53067,111
53011,32003,111
53011,53059,111
22103,22087,111
6081,6065,110
6001,11001,110
6059,6077,110
6073,13121,110
6073,25025,110
6037,41047,110
6075,6113,110
12081,12015,110
12113,6073,110
23019,23003,110
24005,24015,110
24005,24047,110
25009,48453,110
33015,33001,110
34025,6037,110
34035,36047,110
36081,12103,110
36085,36103,110
36047,27053,110
41019,41011,110
48201,42101,110
53045,53033,110
6073,6007,109
6073,26125,109
6073,47157,109
6037,29095,109
6075,6061,109
6075,6083,109
6075,48113,109
9009,12011,109
9001,34003,109
9003,12071,109
11001,12011,109
12086,12061,109
12109,12127,109
12107,12127,109
13051,13135,109
13029,13179,109
23013,23015,109
23011,23015,109
24033,37119,109
25017,48113,109
34009,34011,109
34023,12057,109
34017,25017,109
36103,12115,109
36081,6085,109
36061,36079,109
36047,12103,109
36047,34035,109
36005,42011,109
42101,12057,109
42101,42095,109
45013,37133,109
45015,53035,109
48039,48029,109
6013,15003,108
6073,15009,108
12031,13051,108
12011,25025,108
25009,6037,108
34023,12086,108
34003,17031,108
34039,34021,108
34039,48453,108
36059,12057,108
36059,24031,108
36059,24033,108
36119,4013,108
41051,53015,108
45019,45013,108
6001,41067,107
6053,24003,107
6083,6071,107
9003,17031,107
12011,48439,107
24019,24041,107
25017,12095,107
28059,28039,107
34029,12071,107
34023,24031,107
34017,24031,107
34007,34029,107
36103,34023,107
36059,34013,107
36081,25025,107
36087,12099,107
36119,37183,107
36111,36001,107
37019,37183,107
41011,41019,107
41051,16001,107
42101,37119,107
44007,6037,107
44007,12011,107
48469,48057,107
53053,6059,107
53035,15003,107
22033,22019,107
22055,22051,107
1097,28047,106
6073,6023,106
6073,42003,106
6073,42101,106
6053,48451,106
9009,11001,106
9001,36027,106
12086,12085,106
12033,48453,106
23011,23023,106
34003,48201,106
34013,12086,106
36059,12009,106
36081,42095,106
36085,34013,106
36061,42089,106
36047,36007,106
36119,12095,106
37133,6071,106
37147,37065,106
45089,45043,106
6059,6095,105
6073,6113,105
6073,29189,105
6053,6059,105
9001,12021,105
12071,12031,105
12011,34003,105
12057,12091,105
12109,12095,105
12099,9003,105
12099,12093,105
12061,12011,105
24035,24029,105
24015,42029,105
34017,12095,105
34039,36005,105
34007,34033,105
34013,42095,105
36059,17031,105
36047,12031,105
44005,44003,105
45029,45035,105
48201,6067,105
53061,53077,105
53067,53063,105
53011,41047,105
53033,48029,105
6041,6067,104
6085,37183,104
6013,6071,104
6037,8069,104
9009,12071,104
11001,42003,104
12031,4013,104
12086,34003,104
12103,36061,104
12127,12001,104
12081,12105,104
12011,34017,104
12089,13039,104
12099,25025,104
23027,23011,104
24003,51810,104
25025,24031,104
34023,17031,104
34023,37183,104
34005,34009,104
36047,36105,104
37061,37141,104
48201,48321,104
48489,48061,104
53067,41051,104
22019,22003,104
22113,22045,104
6041,6055,103
6001,6111,103
6073,37183,103
6037,20091,103
6037,51810,103
6037,55025,103
6053,13073,103
6111,6019,103
6111,6081,103
9007,9001,103
9001,12095,103
12011,24033,103
12005,12045,103
24510,24021,103
34009,34007,103
34023,42095,103
34023,51059,103
34039,12099,103
34013,24031,103
36059,36085,103
36047,42095,103
37133,51179,103
37147,37063,103
37143,37139,103
41051,41057,103
44007,48453,103
45067,45041,103
48201,48149,103
48201,49035,103
53053,2020,103
53035,4013,103
53033,15001,103
6085,6029,102
6053,32003,102
6079,6075,102
11001,4013,102
12031,17031,102
12086,12051,102
12101,12011,102
12099,13089,102
34029,36047,102
34003,48453,102
34017,53033,102
34013,12095,102
37049,37137,102
42045,34009,102
48201,15003,102
6085,6107,101
6085,48439,101
6001,6057,101
6059,12095,101
6073,8013,101
6073,8035,101
6037,9009,101
6037,24003,101
6037,42091,101
6053,4027,101
9009,12057,101
10003,34007,101
12021,17031,101
12099,42091,101
12033,12005,101
12091,48029,101
13127,13025,101
13025,13127,101
23023,23015,101
24005,42101,101
24017,24031,101
34029,34031,101
34007,34023,101
34013,37119,101
36039,36021,101
36021,36039,101
37133,37061,101
41051,53067,101
45019,13121,101
45015,6073,101
48245,48339,101
48201,27053,101
53033,8041,101
53015,53041,101
22007,22057,101
22071,13121,101
22071,17031,101
6001,6079,100
6013,17031,100
6037,6089,100
6037,37051,100
10003,48453,100
12031,48439,100
12086,24033,100
12015,12081,100
12057,12119,100
12057,36081,100
12019,12095,100
12099,36005,100
23013,23027,100
23019,23031,100
25017,34017,100
34003,25017,100
34035,42017,100
34035,42101,100
36103,24031,100
36085,12011,100
36061,6013,100
36061,22071,100
36061,42077,100
36119,24031,100
41007,41051,100
41039,6037,100
41051,36061,100
53033,51059,100
53015,53033,100
22051,22005,100
22057,22051,100
22113,22001,100
6013,41051,99
6073,48157,99
6037,12009,99
6053,6047,99
9001,6073,99
9011,44007,99
12103,6073,99
12011,11001,99
13039,13127,99
24035,24011,99
25025,13121,99
25017,13121,99
28047,1097,99
28045,28109,99
33017,25017,99
34011,34009,99
36059,34025,99
36081,34021,99
36081,36093,99
36061,9005,99
36047,47037,99
36005,25009,99
36111,36047,99
37147,37129,99
41041,41047,99
41051,41041,99
45019,48453,99
53033,39049,99
6059,6099,98
6073,13135,98
6037,36005,98
6037,39061,98
9001,37183,98
9011,9001,98
12086,9001,98
12103,12069,98
12009,12069,98
12101,12083,98
23015,23011,98
23015,23013,98
28047,48453,98
36103,9009,98
36119,12057,98
42017,12099,98
44007,25009,98
48167,48439,98
48201,48455,98
53067,15003,98
53033,8005,98
53033,53047,98
6081,6017,97
6059,41039,97
6095,4013,97
6037,24510,97
6037,51107,97
6037,53067,97
6083,6067,97
6075,32031,97
6079,32003,97
9001,4013,97
9011,53035,97
12011,34013,97
12057,12033,97
12057,36005,97
12099,53033,97
25025,12095,97
25017,33013,97
36061,12103,97
36061,45019,97
36047,42091,97
36119,6073,97
36005,24510,97
37107,37079,97
37017,37051,97
41041,41051,97
42017,42071,97
42101,42079,97
48201,26163,97
48239,48469,97
53061,6065,97
53053,6067,97
22019,48361,97
22109,48201,97
6081,41051,96
6073,37049,96
6073,39035,96
6023,6037,96
6037,26161,96
6111,15003,96
6079,6067,96
9001,11001,96
10005,24047,96
11001,6059,96
11001,12099,96
11001,37063,96
12117,12083,96
23031,25009,96
24015,24005,96
25017,8031,96
42101,6001,96
45051,48453,96
45043,45089,96
48167,48113,96
48201,22017,96
48201,48409,96
53029,6073,96
53033,25025,96
53033,36081,96
53031,53033,96
6085,6055,95
6085,53053,95
6059,11001,95
6073,6017,95
6073,40109,95
6073,41017,95
6037,9003,95
6037,24033,95
6087,6069,95
9009,6073,95
9001,36079,95
11001,51760,95
12086,13063,95
12011,6059,95
12083,12101,95
12083,12105,95
25009,12011,95
25025,6059,95
34029,36085,95
34015,10003,95
34021,34039,95
34013,24033,95
36081,42091,95
36061,36067,95
36001,36081,95
41007,41067,95
41051,41027,95
44007,12099,95
45051,37047,95
48245,48039,95
48201,5119,95
48201,29189,95
48355,48469,95
53067,53035,95
53011,6037,95
53011,41017,95
22033,48439,95
22103,22063,95
22121,22047,95
6085,11001,94
6085,53061,94
6001,6047,94
6037,31055,94
12103,12021,94
12103,13121,94
12071,12117,94
12011,48085,94
23011,23027,94
24005,36047,94
25021,53033,94
25017,50007,94
28045,22103,94
34023,36103,94
34005,42045,94
36081,48439,94
36061,34029,94
36061,36021,94
36061,37063,94
36005,24033,94
36111,36105,94
37061,37107,94
41039,4013,94
42045,34005,94
48201,26125,94
48201,48135,94
53061,41051,94
53061,41067,94
53033,53055,94
53031,53009,94
22005,22093,94
22033,48157,94
22053,22001,94
22105,22117,94
6013,6053,93
6037,34023,93
9003,48201,93
12031,12071,93
12081,12011,93
12081,12099,93
12057,12111,93
12101,12099,93
12099,12087,93
12099,42101,93
23005,33015,93
24033,37183,93
25001,25009,93
28047,28035,93
33015,23005,93
33017,33001,93
34023,36059,93
34023,48085,93
34003,6059,93
34017,6073,93
34031,48453,93
36103,12021,93
36103,25025,93
36103,48113,93
36047,10003,93
36047,37063,93
37065,37195,93
37061,37133,93
41051,41043,93
48201,48021,93
48469,48355,93
53061,53037,93
53033,41047,93
53033,53075,93
22101,22109,93
6081,32031,92
6073,51013,92
6073,51550,92
6023,6097,92
6037,6057,92
6037,24005,92
6037,51153,92
6037,53077,92
6083,8041,92
9001,6075,92
10003,6037,92
12086,12015,92
12011,12019,92
12011,12119,92
12009,12001,92
24011,24019,92
25017,37119,92
36119,34023,92
36005,13089,92
37133,51810,92
37019,37047,92
37103,37133,92
44005,6073,92
45051,45045,92
48201,12009,92
53033,32031,92
22103,28047,92
6001,8031,91
6059,15009,91
6037,12071,91
9009,25021,91
12011,25021,91
12057,13135,91
12099,12109,91
12099,13067,91
12033,37133,91
12091,12057,91
12069,12086,91
12069,12099,91
13127,13051,91
13127,13191,91
25017,33017,91
25017,36119,91
25017,41051,91
34029,42017,91
34023,4013,91
34023,6085,91
34003,4013,91
34005,34013,91
36103,12127,91
37147,37195,91
41051,6065,91
41051,48201,91
42101,10001,91
42101,32003,91
44007,12095,91
44007,36047,91
53011,41039,91
53059,53011,91
1097,13121,90
6059,41017,90
6073,13089,90
6073,15001,90
10003,34033,90
10003,36047,90
12031,48029,90
12103,37183,90
12021,12051,90
12021,12115,90
12057,48439,90
12099,34025,90
12099,42003,90
23027,23013,90
24003,12033,90
25021,48453,90
34005,10003,90
34017,37183,90
34017,48113,90
36005,13121,90
36027,36001,90
37053,51550,90
42045,36061,90
42101,13089,90
45051,45063,90
48245,48241,90
48201,25025,90
22071,22055,90
22099,22097,90
6059,6087,89
6073,6089,89
6073,48027,89
6037,21111,89
6097,53033,89
6111,6087,89
6075,6053,89
10003,36061,89
12057,8041,89
12101,12081,89
12101,12086,89
12085,12095,89
12099,8031,89
12099,11001,89
12099,25009,89
12133,12059,89
12041,12075,89
13127,12031,89
24510,6073,89
25017,25011,89
25017,51013,89
34003,34021,89
34003,42101,89
34039,12095,89
36061,8013,89
36061,24005,89
36119,37119,89
36071,34017,89
37015,37091,89
41039,6073,89
41057,41067,89
41051,15003,89
41051,53063,89
44003,44005,89
45019,37183,89
53061,53005,89
22051,28047,89
22063,22103,89
6055,6037,88
6037,49011,88
6097,32003,88
6075,6019,88
9001,12071,88
9001,12115,88
12127,12107,88
12099,34023,88
12091,37051,88
12075,12041,88
12117,12071,88
23023,23011,88
23009,23027,88
24003,51153,88
25001,12021,88
25017,42003,88
34029,36061,88
34005,34017,88
34005,36061,88
34017,13121,88
34017,51059,88
34007,36061,88
34013,42077,88
36081,12117,88
37029,37139,88
48355,6073,88
48409,48201,88
53033,4021,88
53033,6111,88
1097,1101,87
6059,8059,87
6073,26163,87
6073,48355,87
6053,6029,87
6075,6099,87
10003,24005,87
11001,36119,87
12127,12097,87
12015,12103,87
12011,12035,87
12057,11001,87
12101,12115,87
12115,17031,87
24003,51107,87
24029,24035,87
24510,25017,87
34001,12099,87
34039,48201,87
34031,12086,87
36061,6041,87
36061,24033,87
36061,48029,87
36047,25009,87
36047,34005,87
36087,34031,87
36071,34037,87
37017,37047,87
41041,41039,87
41019,41029,87
42045,6037,87
42017,10003,87
42017,36047,87
48201,6029,87
22033,22125,87
22047,22005,87
22071,22089,87
22089,22071,87
6081,15003,86
6095,48453,86
6083,6053,86
6079,6107,86
9011,6073,86
12086,6085,86
12086,47037,86
12103,37119,86
12011,8031,86
12011,42003,86
12109,12057,86
12099,34013,86
12091,32003,86
13179,8041,86
24019,24011,86
25025,34017,86
25025,41051,86
25017,26161,86
34009,34015,86
34003,6073,86
34003,12095,86
34031,34035,86
36059,9009,86
36061,13135,86
36061,26161,86
36047,6081,86
36005,37183,86
37129,37081,86
42045,42011,86
42017,34029,86
42101,36059,86
48201,37183,86
48355,48091,86
53053,13215,86
53053,53037,86
53011,6073,86
53033,16055,86
53015,41051,86
22097,22099,86
6085,6039,85
6085,6089,85
6085,53011,85
6059,25025,85
6073,40143,85
6073,55079,85
6037,53073,85
6097,4013,85
6097,41051,85
6053,6081,85
6083,6019,85
10003,24031,85
12031,37183,85
12071,12097,85
12081,12101,85
12011,12017,85
12011,47037,85
12005,12095,85
12033,12057,85
23029,23019,85
24033,12086,85
24033,36061,85
24510,51013,85
33015,25021,85
34023,6001,85
34007,42029,85
34031,12011,85
36103,36071,85
36059,32003,85
36081,42079,85
36047,36093,85
41051,53061,85
42045,10005,85
53061,15003,85
53033,24031,85
1003,1053,84
6001,53053,84
6059,4021,84
6059,36081,84
6059,37119,84
6095,6059,84
6073,31055,84
6037,6039,84
6053,6077,84
6111,48201,84
6075,6111,84
6075,12086,84
9009,42101,84
9001,13121,84
12031,12101,84
12031,51710,84
12086,12109,84
12011,9003,84
12005,12031,84
12033,48201,84
13051,45019,84
13179,48027,84
23009,23005,84
24041,24003,84
25009,6073,84
25009,12086,84
34003,51059,84
34007,12099,84
34013,36119,84
36059,11001,84
36059,25025,84
36081,25021,84
36061,39061,84
36047,36067,84
36047,39035,84
37053,37055,84
37129,37051,84
37133,37103,84
42101,12031,84
44007,9011,84
45051,45015,84
48469,48175,84
53053,40031,84
53033,42101,84
22033,22017,84
22095,22071,84
22105,22071,84
6081,48201,83
6037,20173,83
6037,34013,83
12031,12023,83
12103,12097,83
12011,34023,83
12099,25001,83
13029,13031,83
13029,13103,83
23015,23023,83
24003,24011,83
24033,42101,83
24033,48113,83
24011,24035,83
25021,12011,83
25017,32003,83
25017,33001,83
33015,25027,83
33017,25009,83
34001,12011,83
34013,24510,83
36103,42101,83
36081,34035,83
36061,6065,83
36061,34007,83
36005,12105,83
42101,6085,83
45019,13051,83
45051,37183,83
45041,45019,83
48201,39035,83
53053,47125,83
53033,12095,83
53033,37119,83
53033,53015,83
22109,22055,83
6013,6079,82
6073,36103,82
6037,25009,82
6037,32005,82
6037,51510,82
6075,6071,82
6075,36081,82
6075,42101,82
9003,42101,82
10003,42017,82
12103,36047,82
12103,53033,82
12021,12103,82
12081,12086,82
12109,12099,82
12099,26125,82
12017,12095,82
12117,12001,82
24003,4013,82
24017,51099,82
25021,6075,82
25021,11001,82
25017,33003,82
34025,34007,82
36103,24033,82
36103,36085,82
36059,25017,82
36081,34029,82
36081,36079,82
36081,44007,82
36005,12117,82
36005,24031,82
36039,36111,82
37053,51810,82
37147,37081,82
37147,37191,82
37065,37183,82
37061,37129,82
42101,48113,82
44007,9003,82
45015,45079,82
45041,37119,82
48201,48199,82
22071,22075,82
22071,36061,82
22097,22033,82
6085,16001,81
6001,49035,81
6059,8013,81
6037,37063,81
9009,17031,81
11001,9001,81
11001,13089,81
12103,32003,81
12071,12127,81
12057,12109,81
12057,25017,81
12099,9009,81
12083,12009,81
23031,23017,81
25001,12099,81
34023,48113,81
34003,12071,81
34003,37119,81
36103,12053,81
36059,36071,81
36081,12105,81
36119,6075,81
37139,37143,81
37137,37049,81
37017,37155,81
42045,48453,81
42101,8031,81
42101,9001,81
42101,34029,81
45019,45075,81
48201,18097,81
48201,48053,81
48201,53053,81
48469,48123,81
48469,48453,81
22019,48245,81
22093,22095,81
6001,6045,80
6059,47037,80
6059,49053,80
6023,6073,80
6053,6083,80
6053,48029,80
9009,44007,80
9011,36047,80
9003,12086,80
9003,12103,80
12086,6001,80
12086,8031,80
12053,12095,80
12035,12095,80
24005,12057,80
25025,4013,80
25025,36059,80
34025,4013,80
34035,36081,80
36103,17031,80
36061,12021,80
36061,42079,80
36047,26163,80
36119,9003,80
36083,36115,80
36001,36021,80
37139,37029,80
41051,27053,80
48201,12103,80
48201,41051,80
53061,53025,80
53073,41051,80
53029,53073,80
53033,6097,80
53033,42003,80
53009,53053,80
22055,48453,80
6085,8031,79
6085,48029,79
6059,6041,79
6111,6013,79
6087,6111,79
9009,37119,79
9003,13121,79
12127,12073,79
12011,6085,79
12099,6059,79
12099,47037,79
12091,8041,79
12091,12073,79
23013,23005,79
24005,48201,79
24037,24003,79
33015,33003,79
34001,36047,79
34017,25025,79
34017,34005,79
34017,36087,79
34039,42095,79
34007,48453,79
34013,48201,79
36059,12071,79
36059,12103,79
36061,12031,79
36047,42045,79
36119,36111,79
36119,48201,79
37129,37063,79
37049,6073,79
37019,37119,79
37047,37019,79
37083,37183,79
44007,9009,79
45035,45075,79
45041,45067,79
48201,48265,79
22055,22103,79
22071,22095,79
22095,22093,79
6081,6055,78
6001,13121,78
6013,48113,78
6013,48157,78
6073,6047,78
6073,17043,78
6073,48339,78
6037,34027,78
6097,6065,78
9009,4013,78
11001,26161,78
12031,12111,78
12103,36103,78
12015,12011,78
12057,12055,78
12057,37051,78
12057,47037,78
12085,12086,78
24003,48453,78
24011,10005,78
25009,12071,78
25017,12115,78
36061,15003,78
36061,42045,78
36047,12071,78
36047,36079,78
42101,12103,78
44007,36005,78
45013,45079,78
48061,48409,78
53061,48453,78
53053,53009,78
53033,8059,78
22001,22113,78
22033,22079,78
6001,6109,77
6001,48085,77
6059,37183,77
6095,6065,77
6073,2020,77
6073,51107,77
6073,51510,77
6037,27123,77
6075,6079,77
9009,48201,77
9001,25001,77
9001,25021,77
9001,34023,77
10005,24003,77
10003,34015,77
11001,34017,77
12031,32003,77
12086,12019,77
12086,15003,77
12011,25009,77
12011,45045,77
12101,12031,77
12111,12093,77
12005,12057,77
12117,6037,77
24003,37119,77
24045,24019,77
24033,17031,77
24041,24035,77
25009,44007,77
25021,23005,77
25017,12021,77
33015,33009,77
34023,34041,77
34003,24031,77
34017,4013,77
34017,34037,77
34039,24033,77
34021,36081,77
34031,36071,77
36081,12111,77
36081,39049,77
36081,42003,77
36081,48085,77
36061,10003,77
36047,51810,77
36005,24005,77
41019,41033,77
41051,6067,77
48245,48113,77
48355,48025,77
48469,48239,77
53061,53009,77
53073,53011,77
53073,53063,77
53033,15009,77
53033,37183,77
53009,53035,77
53009,53061,77
6085,27053,76
6013,6089,76
6073,51179,76
6037,29510,76
6037,41033,76
6037,44007,76
6037,47187,76
9001,48113,76
9003,25015,76
9003,36005,76
9003,45051,76
11001,27053,76
11001,48029,76
12086,39049,76
12011,9009,76
12057,6059,76
12057,36103,76
12009,8041,76
12117,17031,76
13103,13029,76
23005,23015,76
24003,24047,76
24005,6073,76
24033,6073,76
24033,12057,76
24510,36081,76
28047,48201,76
34003,37183,76
34017,6059,76
34039,34041,76
34039,42101,76
34021,12099,76
34013,34007,76
34035,34005,76
36085,36119,76
36119,42101,76
36005,39049,76
36001,36067,76
42017,34015,76
45067,45033,76
48201,34017,76
48071,48245,76
53027,53041,76
53033,35001,76
53033,49049,76
53009,53031,76
22005,22051,76
22051,6037,76
22051,28109,76
6041,53033,75
6059,48157,75
6095,32031,75
6037,27037,75
6097,6007,75
6087,6059,75
12086,8041,75
12086,34013,75
12071,6037,75
12071,36103,75
12071,48201,75
12057,39035,75
12111,12117,75
12115,12021,75
12099,34017,75
12099,34029,75
12117,12101,75
24025,24027,75
24510,48201,75
25009,12057,75
25009,12095,75
25025,24510,75
34029,12011,75
34003,32003,75
34005,42029,75
34017,36071,75
34021,6037,75
34021,34003,75
36059,34039,75
36081,15003,75
36085,36071,75
36047,6013,75
36111,36119,75
36071,36059,75
48061,48439,75
48201,48183,75
48355,48339,75
53067,6037,75
53033,41029,75
53033,53071,75
22001,22053,75
22103,22055,75
22109,22051,75
6073,13067,74
6073,18097,74
6073,22071,74
6073,26099,74
6073,44005,74
6037,5007,74
6037,22051,74
6087,6077,74
9009,36103,74
9003,44007,74
10005,24005,74
11001,22071,74
11001,24021,74
12031,36061,74
12086,31079,74
12086,48157,74
12087,12057,74
12103,26125,74
12103,51059,74
12011,34025,74
12057,39049,74
12009,12073,74
12009,12109,74
12019,12057,74
12075,12017,74
13051,45053,74
23005,23013,74
24003,12057,74
25009,12021,74
25009,33003,74
28047,6073,74
34025,42017,74
34033,34007,74
36103,36027,74
36059,13121,74
36061,36105,74
36061,36109,74
36047,42017,74
37129,37061,74
37133,37119,74
37133,51059,74
42101,34025,74
42101,39049,74
42101,42069,74
42101,42133,74
45043,45019,74
48245,48439,74
48201,36005,74
53045,53027,74
22057,22007,74
6085,4019,73
6059,6017,73
6059,12099,73
6073,29095,73
6073,41047,73
6083,48453,73
6075,13121,73
6079,6087,73
9009,12086,73
9001,6059,73
9001,12057,73
10003,4013,73
10003,37119,73
12031,12097,73
12086,48085,73
12071,12001,73
12071,12083,73
12011,8041,73
12057,24031,73
12101,12071,73
12101,12119,73
12115,12101,73
12099,51059,73
12053,12119,73
12069,12017,73
12083,12117,73
23019,23029,73
24005,10003,73
24005,12011,73
24025,10005,73
24033,12095,73
24033,13135,73
24033,48029,73
25025,12057,73
25021,9003,73
28047,22103,73
34029,4013,73
34005,6037,73
36047,12009,73
36047,13063,73
36087,9001,73
37133,48029,73
41009,41005,73
41051,41053,73
42101,39035,73
48201,4019,73
48201,29095,73
48201,36103,73
53053,4019,73
53033,12057,73
53033,53017,73
22005,22007,73
22071,22105,73
22095,22005,73
6085,51059,72
6001,6009,72
6059,17043,72
6059,24031,72
6059,41005,72
6095,6071,72
6073,12071,72
6073,18057,72
6073,24033,72
6037,4005,72
6079,6071,72
9001,42101,72
9011,25017,72
9003,12097,72
12031,12069,72
12086,34039,72
12103,12015,72
12103,13135,72
12071,39049,72
12011,13151,72
12109,12001,72
12099,12055,72
12099,34027,72
12113,12031,72
12053,48453,72
12091,6073,72
12091,12031,72
24005,37119,72
24033,4013,72
25025,23031,72
34029,36081,72
34029,45051,72
34023,10003,72
34023,53033,72
34003,34041,72
34017,24033,72
36103,11001,72
36059,9003,72
36059,13135,72
36081,39035,72
36061,12115,72
36047,9011,72
36119,25025,72
36079,36005,72
37133,12057,72
37107,37061,72
37047,37017,72
42045,36047,72
42017,34017,72
45013,37119,72
48201,8035,72
48201,35001,72
53053,2090,72
53053,41005,72
53067,8041,72
6059,26125,71
6059,48141,71
6013,41067,71
6023,6001,71
6037,16027,71
6097,32031,71
6083,53033,71
6087,6097,71
9009,12115,71
9001,12103,71
11001,39049,71
12031,51059,71
12086,42003,71
12103,8031,71
12103,12119,71
12071,12009,71
12021,12081,71
12015,12095,71
12011,15003,71
12011,26125,71
12009,12071,71
23031,23001,71
24003,12071,71
24019,24045,71
24035,24041,71
24033,51179,71
24033,51810,71
24510,13121,71
25025,37119,71
25025,48113,71
25017,8013,71
25017,25003,71
28047,48029,71
34025,48453,71
34017,6001,71
34017,42077,71
34039,36085,71
34015,42017,71
34013,9001,71
34013,36103,71
34031,12095,71
36103,12097,71
36081,36007,71
36081,36055,71
36081,36111,71
36005,25027,71
36071,36103,71
37133,6065,71
37133,48201,71
41019,41051,71
41051,6013,71
41051,49035,71
42101,37183,71
44007,17031,71
48201,17043,71
48201,48259,71
53061,6085,71
53067,53073,71
53033,6019,71
53033,47037,71
22055,22101,71
6085,41005,70
6001,48439,70
6059,13135,70
6095,6017,70
6013,6009,70
6013,6111,70
6037,26081,70
6097,6087,70
6079,4013,70
6079,6013,70
9009,24031,70
9011,25025,70
9003,25001,70
10003,11001,70
10003,24003,70
12103,13089,70
12009,12083,70
12089,12019,70
12115,12105,70
12033,48029,70
12091,12095,70
23031,23019,70
24003,24037,70
24033,12011,70
24510,37119,70
25021,12086,70
34023,6073,70
34023,12071,70
34003,6085,70
34005,12099,70
34015,42029,70
34035,12099,70
34035,42095,70
36103,12081,70
36061,51510,70
36005,25025,70
36027,36091,70
37129,48453,70
37141,37019,70
42101,34027,70
44001,44003,70
45015,15003,70
48245,22019,70
48245,48071,70
48061,48491,70
48361,48241,70
48201,20091,70
48355,48157,70
53053,53005,70
53035,53009,70
53033,13089,70
53033,30031,70
22033,48339,70
22071,11001,70
1097,1025,69
6001,25025,69
6059,29189,69
6059,41029,69
6073,25021,69
6037,6051,69
6037,16055,69
6037,25027,69
6037,26099,69
6037,49057,69
6053,6099,69
6075,27053,69
9009,12103,69
9009,45051,69
10003,24025,69
10001,42101,69
11001,9009,69
12086,12053,69
12086,22051,69
12086,25009,69
12086,51013,69
12103,8041,69
12127,12101,69
12011,6065,69
12011,12051,69
12011,26163,69
12011,39035,69
12057,12019,69
12009,6037,69
12101,36103,69
13051,13245,69
13127,13305,69
13179,48141,69
13305,13127,69
24005,37183,69
24019,10005,69
24025,10003,69
24025,24033,69
25025,6081,69
25021,12071,69
25021,36081,69
34003,36085,69
34005,34039,69
34035,37183,69
36103,12085,69
36059,12101,69
36059,36087,69
36081,12069,69
36061,26163,69
36087,36059,69
36005,25017,69
36079,36047,69
36001,36095,69
36001,36119,69
37133,6037,69
37091,37015,69
42017,6037,69
42017,6073,69
45019,12031,69
45015,9011,69
45035,45079,69
48245,48029,69
48355,48039,69
53053,13179,69
53033,6083,69
53033,8013,69
53033,12031,69
53033,29189,69
53033,30063,69
22071,13089,69
22071,36047,69
22097,48201,69
6073,12009,68
6073,39061,68
6037,45019,68
6053,48453,68
6111,41051,68
9009,12127,68
9003,11001,68
11001,6081,68
12031,53033,68
12071,37119,68
12011,51810,68
12057,8031,68
12057,48085,68
12099,48439,68
12017,12069,68
12117,13121,68
12083,12109,68
23027,23009,68
24510,10005,68
25023,12071,68
25001,12071,68
25025,36119,68
25017,34023,68
28047,22071,68
28047,28073,68
34001,32003,68
34001,42091,68
34025,6073,68
34025,34031,68
34023,9001,68
34017,11001,68
34039,24031,68
34007,34017,68
34021,48453,68
34013,13121,68
34013,42089,68
34035,6037,68
36103,6059,68
36103,13121,68
36059,6059,68
36059,42089,68
36059,51059,68
36061,12097,68
36047,12105,68
36047,48439,68
36119,12071,68
37019,37141,68
41039,41041,68
41051,4019,68
42101,10005,68
42101,41051,68
42101,51013,68
48039,48439,68
53061,16001,68
53053,6085,68
53053,16001,68
53053,48113,68
53055,53033,68
22051,12086,68
22071,12086,68
6041,6059,67
6085,6109,67
6085,25025,67
6001,27053,67
6001,37183,67
6059,6023,67
6059,15001,67
6095,48029,67
6037,10003,67
6053,6107,67
9009,25013,67
9001,44007,67
9003,36119,67
10003,17031,67
12086,13151,67
12103,39035,67
12071,26125,67
12127,12071,67
12057,34017,67
12009,6073,67
12101,12127,67
12115,12031,67
12005,12063,67
12133,12063,67
13179,37051,67
24003,12011,67
24003,12099,67
24003,48201,67
24510,42003,67
25009,12103,67
25025,25015,67
25017,48029,67
28047,22051,67
34029,6037,67
34025,12071,67
34023,24005,67
34023,36119,67
34003,12057,67
34003,42089,67
34017,25021,67
34017,34007,67
34007,6037,67
34007,36047,67
34013,17031,67
34013,37183,67
36061,48439,67
36047,51710,67
36005,4013,67
36005,10003,67
36005,36111,67
36001,36111,67
37129,37047,67
37147,37127,67
41019,41067,67
42101,34003,67
45051,45091,67
53027,53045,67
53053,21047,67
53033,12099,67
53015,41009,67
22071,48439,67
1097,1117,66
1097,1125,66
6081,41067,66
6085,8013,66
6085,12086,66
6085,41039,66
6001,6089,66
6001,24031,66
6001,48029,66
6073,16055,66
6073,53073,66
6037,15007,66
6097,6019,66
6075,49035,66
6079,6097,66
9009,12111,66
9003,37183,66
9003,53033,66
10003,34005,66
12031,12007,66
12031,12081,66
12071,12073,66
12011,51013,66
12057,15003,66
12057,36029,66
12109,12011,66
12117,12109,66
12117,37119,66
12069,12031,66
12069,12101,66
12083,12071,66
23031,23011,66
24003,24041,66
24003,51510,66
24039,24047,66
24510,53033,66
25017,6013,66
25017,27053,66
34009,42045,66
34025,12021,66
34003,12021,66
34021,25017,66
34021,34027,66
34013,6073,66
36103,12119,66
36059,48113,66
36081,10003,66
36081,12031,66
36081,12101,66
36081,25009,66
36061,13067,66
36061,42095,66
36047,12117,66
36047,25027,66
36047,37051,66
36047,45019,66
36119,34027,66
36027,9005,66
37031,37129,66
42017,4013,66
48201,12033,66
48273,48029,66
53073,53067,66
53035,53063,66
53033,51013,66
6085,12011,65
6001,37119,65
6001,51059,65
6001,53011,65
6059,6113,65
6059,53063,65
6097,6023,65
6097,6077,65
6053,6039,65
6053,51059,65
6087,53033,65
6045,6067,65
9009,25027,65
9009,37183,65
9003,6059,65
9003,12127,65
11001,25021,65
11001,32003,65
12086,34023,65
12011,13063,65
12011,34029,65
12009,53033,65
12113,12005,65
12033,24003,65
12117,48201,65
13051,37051,65
13179,15003,65
24017,24005,65
25009,25013,65
25025,42003,65
25021,12021,65
25021,48201,65
34029,34015,65
34009,34005,65
34003,34005,65
34003,42091,65
34005,36047,65
34039,6037,65
34039,34005,65
36103,12031,65
36103,37097,65
36061,42029,65
36087,12011,65
36119,53033,65
36005,13067,65
36005,34027,65
36071,34031,65
37129,45051,65
37049,37103,65
37133,4013,65
37133,12031,65
41039,53053,65
41051,2020,65
41051,41019,65
42017,42003,65
44007,12071,65
45019,45083,65
45015,45075,65
48361,48351,65
48201,1097,65
48201,20173,65
48201,48007,65
48201,48225,65
48201,48441,65
53053,51059,65
53033,12103,65
22007,22101,65
22019,48453,65
22051,48439,65
1097,28039,64
1003,12113,64
6081,6019,64
6081,6071,64
6085,42101,64
6059,39049,64
6073,6055,64
6073,37051,64
6055,6073,64
6097,6053,64
6111,6107,64
6075,6017,64
9009,6001,64
9001,6085,64
9003,36103,64
10003,34023,64
11001,37135,64
12031,51550,64
12086,39035,64
12086,45045,64
12103,13067,64
12103,18097,64
12103,48113,64
12071,4013,64
12011,6075,64
12057,6085,64
12101,12069,64
12099,39049,64
12099,44007,64
12099,48085,64
12017,12075,64
12017,12119,64
12061,12085,64
12033,12011,64
12033,12073,64
12033,48355,64
13051,13063,64
13179,12031,64
13103,13031,64
23019,23001,64
23011,23031,64
24025,24031,64
24017,51510,64
24033,13089,64
24033,24013,64
24033,24043,64
24510,25025,64
25009,36047,64
25001,12115,64
25017,24510,64
25017,36059,64
25017,49035,64
34005,12057,64
34005,12071,64
36081,36067,64
36061,12071,64
36047,23005,64
36087,34013,64
36119,11001,64
36005,12031,64
36111,36081,64
36071,45051,64
36083,50003,64
36001,36057,64
37083,37065,64
41011,41051,64
41039,41033,64
42017,34009,64
42101,36119,64
45019,6073,64
45019,13089,64
45013,45045,64
45015,13039,64
48039,48113,64
48201,9001,64
53053,49035,64
53067,41067,64
53033,6041,64
53015,53053,64
22033,6037,64
22055,22079,64
22071,6073,64
6081,25017,63
6085,13121,63
6085,41029,63
6059,35001,63
6013,6029,63
6073,9009,63
6073,27123,63
6073,36029,63
6073,49053,63
6073,55025,63
6037,24027,63
6037,36055,63
6097,6079,63
11001,47037,63
12086,37051,63
12101,12117,63
12099,12119,63
12053,12105,63
12091,48201,63
23031,25025,63
24005,12086,63
24005,13121,63
25001,44007,63
25025,13089,63
25021,25013,63
33017,23005,63
34003,34007,63
34005,34035,63
34015,42091,63
34035,34031,63
36103,9003,63
36103,12061,63
36103,37019,63
36047,36021,63
36047,48029,63
36047,51760,63
36005,17031,63
36001,25017,63
37147,37031,63
37147,37133,63
41041,41005,63
41009,53011,63
41039,41035,63
41039,41053,63
42101,6059,63
42101,9003,63
42101,9009,63
44007,12057,63
44007,36081,63
48201,34023,63
48201,48001,63
48201,48289,63
48201,51810,63
48201,55079,63
48321,48157,63
53053,29169,63
53033,8035,63
53033,48121,63
22033,22073,63
22045,48201,63
6001,36081,62
6001,53061,62
6073,4005,62
6073,8001,62
6073,12113,62
6073,20173,62
6073,24037,62
6073,28047,62
6073,45019,62
6055,6041,62
6037,12117,62
6037,19153,62
6037,51710,62
6053,6071,62
6083,6081,62
9001,53033,62
10003,24510,62
10003,51059,62
11001,39035,62
12031,36047,62
12086,26163,62
12087,12103,62
12087,48453,62
12103,12111,62
12103,36029,62
12103,47037,62
12071,26163,62
12071,32003,62
12011,12091,62
12011,24003,62
12011,39049,62
12101,12009,62
12085,12009,62
23029,23009,62
24045,24005,62
25025,27053,62
25017,37063,62
28047,32003,62
34023,6059,62
34011,34005,62
36103,36001,62
36103,51059,62
36103,53033,62
36059,12021,62
36059,36027,62
36081,12009,62
36081,51810,62
36061,25001,62
36061,29189,62
36047,12111,62
36047,25013,62
36047,26125,62
36005,12127,62
36021,36061,62
42017,12011,62
42101,42041,62
45013,48453,62
48201,12127,62
48201,21111,62
48201,48285,62
48201,53061,62
48355,48085,62
53033,45019,62
53033,48491,62
22071,28047,62
22109,22101,62
6081,6079,61
6073,12127,61
6073,53067,61
6037,34025,61
6037,37081,61
6037,37133,61
6111,36061,61
6075,6057,61
6087,6019,61
9003,24031,61
11001,12057,61
12031,45019,61
12086,9003,61
12086,37021,61
12086,48027,61
12103,36081,61
12071,13135,61
12011,36029,61
12011,37021,61
12009,12101,61
12099,36029,61
12113,12057,61
12061,12086,61
12005,48453,61
13051,6037,61
13025,13299,61
24003,12103,61
24003,37183,61
24005,24017,61
24005,45051,61
24033,10005,61
24033,42003,61
24015,10001,61
24011,24003,61
25025,37063,61
25017,34003,61
25017,44005,61
34011,42101,61
34017,12031,61
34017,34019,61
34007,36081,61
36103,12117,61
36059,6075,61
36059,12111,61
36081,6081,61
36061,23005,61
36047,34007,61
36047,39061,61
36119,6085,61
36005,6073,61
36005,36007,61
36027,36103,61
37133,48453,61
37103,37049,61
37047,37129,61
41041,41067,61
42045,4013,61
42101,42089,61
45019,36061,61
45053,13051,61
45049,45013,61
48167,48245,61
48489,48215,61
53061,4019,61
53061,6071,61
53061,48201,61
53053,4021,61
53053,12057,61
53067,6073,61
53033,25021,61
22105,48201,61
6001,6023,60
6001,12086,60
6001,35001,60
6001,42101,60
6059,8069,60
6059,16055,60
6095,6019,60
6073,20091,60
6073,25027,60
6055,6033,60
6037,1073,60
6037,34039,60
6037,36029,60
6037,48215,60
6053,8041,60
9001,9013,60
9001,45019,60
9003,33011,60
10003,37183,60
12031,12115,60
12086,12033,60
12071,12069,60
12081,12031,60
12011,13051,60
12057,24003,60
12057,42101,60
12057,45045,60
12057,51810,60
12085,12061,60
12019,48453,60
12099,25027,60
12033,12086,60
13051,8041,60
23011,23007,60
24005,36081,60
24017,51153,60
24033,15003,60
25009,9003,60
25009,36005,60
25017,12009,60
34029,48453,60
34023,42077,60
34039,37119,60
34013,13135,60
34013,34019,60
36081,12115,60
36081,26163,60
36081,42103,60
36061,36091,60
36047,15003,60
36119,34039,60
36005,12071,60
36071,36001,60
36001,36059,60
37053,37139,60
37129,37021,60
37139,51550,60
44007,12086,60
44007,12097,60
44007,25001,60
44007,48201,60
45019,48201,60
45015,45045,60
48245,48457,60
48361,22019,60
48201,12071,60
53073,53029,60
53053,53015,60
53029,4013,60
53011,6059,60
53011,16001,60
53011,53005,60
53011,53049,60
53033,55025,60
22071,22005,60
1003,1117,59
6041,6061,59
6059,6007,59
6059,6025,59
6059,42101,59
6095,6099,59
6095,15003,59
6013,6083,59
6073,4003,59
6073,42091,59
6055,6085,59
6037,5119,59
6037,35013,59
6037,42017,59
6097,6057,59
6075,9001,59
9001,36071,59
9011,36081,59
9003,12115,59
10005,48453,59
12031,48085,59
12086,6019,59
12086,27053,59
12011,17043,59
12011,21111,59
12011,27053,59
12011,42091,59
12057,26163,59
12057,51013,59
12009,36103,59
12009,48201,59
12111,12105,59
12019,12011,59
12019,12089,59
12099,34039,59
12035,12011,59
13051,37119,59
13039,53035,59
23005,23007,59
23005,25021,59
24003,45051,59
24005,12103,59
24009,24031,59
24045,24510,59
24033,32003,59
24011,10001,59
25009,12115,59
25009,33013,59
25009,53033,59
25025,36103,59
25021,6085,59
25021,9001,59
34001,36081,59
34003,6001,59
34039,12057,59
34021,17031,59
34031,36087,59
34031,42089,59
36103,34013,59
36059,53033,59
36061,9011,59
36061,42011,59
36047,12127,59
36087,34029,59
36027,45051,59
36021,36111,59
37133,37147,59
37107,37183,59
41041,41003,59
41041,41043,59
41051,41059,59
42017,12071,59
42101,34039,59
45015,37119,59
48201,1073,59
48201,10003,59
48201,40027,59
48355,48209,59
53057,53053,59
53053,20061,59
53035,9011,59
53035,32003,59
53011,15003,59
53033,8069,59
22005,22047,59
22051,28045,59
22055,22109,59
22095,22033,59
22109,22033,59
6085,6009,58
6073,34023,58
6037,12021,58
6037,37021,58
6087,41051,58
9009,53033,58
9001,36087,58
9001,51059,58
9011,13039,58
9011,36061,58
9003,12009,58
10003,42071,58
11001,42091,58
11001,51810,58
12031,47157,58
12086,22071,58
12086,24005,58
12127,13121,58
12099,36087,58
12033,6031,58
12091,35009,58
12083,12081,58
23005,33011,58
24003,12009,58
24005,4013,58
24037,51810,58
24033,24025,58
24033,36005,58
24033,37051,58
24510,12011,58
25025,51059,58
25017,36103,58
25005,12011,58
34001,42017,58
34009,42091,58
34023,6075,58
34023,13135,58
34023,24033,58
34003,6075,58
34003,24033,58
34017,42089,58
34007,34013,58
34021,42091,58
34013,13089,58
34035,34037,58
36103,12035,58
36059,13089,58
36059,25021,58
36081,25001,58
36081,42017,58
36085,34035,58
36061,6067,58
36047,12115,58
36047,36109,58
36087,36103,58
36119,36001,58
36005,36029,58
36005,36055,58
36005,42095,58
36111,36021,58
36071,9001,58
36001,36005,58
36001,36113,58
37141,48453,58
42045,34001,58
45019,45043,58
45041,45085,58
48201,8069,58
48201,17097,58
48201,37051,58
48201,48251,58
48201,48427,58
48201,48451,58
53073,53035,58
53053,48099,58
53035,53073,58
22051,28059,58
22103,48453,58
6081,36047,57
6001,8013,57
6001,41005,57
6059,12103,57
6059,13067,57
6059,48339,57
6073,9003,57
6073,12091,57
6037,8123,57
6037,12115,57
6037,22033,57
6037,34035,57
6037,53029,57
6053,17031,57
6083,41051,57
9009,12097,57
9003,44009,57
12031,8041,57
12031,12005,57
12031,37133,57
12086,51810,57
12103,12087,57
12071,12087,57
12071,37183,57
12011,24005,57
12057,48121,57
12111,12127,57
12099,45045,57
12005,1069,57
12131,12033,57
12117,12073,57
13051,12095,57
23005,23009,57
23009,23029,57
24033,48439,57
24510,6075,57
25009,36081,57
25023,6037,57
25023,12011,57
25017,36055,57
25017,48085,57
25017,48439,57
25005,25013,57
25005,33011,57
33015,6073,57
34017,42003,57
34039,42077,57
34013,12057,57
34031,42101,57
36103,13135,57
36103,36055,57
36059,45051,57
36081,42045,57
36061,25027,57
36061,34005,57
36061,55079,57
36119,34031,57
36005,12009,57
36005,48113,57
36027,36059,57
36071,6037,57
37049,37119,57
37133,12011,57
37147,37101,57
41011,41029,57
41057,41051,57
41051,11001,57
42045,12099,57
42101,25021,57
42101,36103,57
44003,44001,57
45019,6037,57
45019,45091,57
45019,53033,57
45013,45049,57
45041,45027,57
48201,8001,57
48201,28047,57
48201,45045,57
48355,48187,57
53061,53047,57
53073,6073,57
22005,22071,57
22033,22109,57
6081,6083,56
6085,24031,56
6001,4019,56
6059,8001,56
6059,9001,56
6059,12057,56
6095,6007,56
6097,6017,56
6097,6113,56
6053,53053,56
6111,41067,56
6087,6057,56
6087,6061,56
10003,12099,56
12031,53029,56
12086,12035,56
12103,12109,56
12103,15003,56
12103,26163,56
12127,12111,56
12127,37119,56
12081,17031,56
12011,12033,56
12085,48453,56
12089,12109,56
12115,12027,56
12113,1003,56
12035,12107,56
23031,33011,56
24047,24005,56
24033,12031,56
24015,10005,56
24510,10003,56
25009,4013,56
25009,25015,56
25025,51013,56
25021,37119,56
25017,42091,56
34023,42029,56
34003,11001,56
34017,12103,56
34035,25017,56
34031,12057,56
34031,42079,56
36103,12083,56
36103,24005,56
36103,34027,56
36059,34027,56
36081,34005,56
36085,48453,56
36061,8005,56
36061,17043,56
36047,42103,56
36005,34025,56
36001,6037,56
37133,37051,56
37103,37107,56
41007,41005,56
42017,34001,56
42101,12097,56
44003,25017,56
45019,13067,56
45051,45035,56
45015,45029,56
45015,51810,56
48201,5007,56
48201,8013,56
48201,12105,56
48201,51013,56
53053,17031,56
53053,53007,56
53035,6037,56
53067,37051,56
22109,22071,56
6041,41051,55
6085,8041,55
6013,49035,55
6073,36059,55
6073,49011,55
6037,5143,55
6037,13063,55
6037,25023,55
6037,39153,55
6083,6013,55
6075,51059,55
6087,6079,55
9009,6085,55
9011,12099,55
9003,25005,55
10003,34017,55
11001,10003,55
11001,45019,55
12031,39049,55
12086,51153,55
12087,12031,55
12071,12111,55
12071,13121,55
12071,39035,55
12021,12015,55
12021,25009,55
12011,6001,55
12011,8005,55
12011,37081,55
12011,48121,55
12111,12103,55
12099,12019,55
12099,12035,55
12099,39035,55
12113,12131,55
12035,12117,55
12033,12019,55
12033,12103,55
12117,37183,55
12083,12053,55
13051,45079,55
24003,24043,55
24005,24035,55
24005,24045,55
24033,39049,55
25023,36061,55
25025,50007,55
25021,6001,55
25017,4019,55
34001,34023,55
34009,42017,55
34023,13121,55
34023,34015,55
34005,6073,55
34017,32003,55
34017,42017,55
36103,36111,55
36081,25027,55
36047,24003,55
36119,12103,55
36119,13089,55
36119,34025,55
36119,36085,55
36071,48453,55
37049,37107,55
37133,17031,55
37013,37183,55
41039,32003,55
44003,25021,55
44007,12103,55
45019,45041,55
45015,45051,55
45015,45063,55
45035,45045,55
45035,45063,55
48201,6081,55
48201,24033,55
48201,51107,55
48355,48041,55
48355,48121,55
53053,41039,55
53033,26125,55
22051,13121,55
22051,22063,55
22071,48029,55
22071,53033,55
22101,22007,55
1097,12113,54
1097,13089,54
6081,48113,54
6041,4013,54
6041,36061,54
6085,48121,54
6059,6089,54
6059,26163,54
6013,4019,54
6013,48439,54
6037,42045,54
6053,6061,54
6111,4019,54
6083,6097,54
6087,4013,54
9009,6075,54
9009,12021,54
9001,25027,54
9001,34013,54
12031,25017,54
12086,12091,54
12086,37081,54
12127,4013,54
12127,6037,54
12127,48201,54
12011,6071,54
12011,34039,54
12009,4013,54
12101,12097,54
12099,12015,54
12099,37021,54
12091,1039,54
12091,4013,54
12091,48453,54
12117,6073,54
12117,12111,54
12069,12001,54
13179,48029,54
23005,25009,54
24003,24045,54
24005,17031,54
24005,24043,54
24045,24003,54
24033,10003,54
24033,36081,54
25023,33011,54
25021,4013,54
25021,25015,54
25021,37183,54
28059,28035,54
28045,22051,54
34029,12021,54
34023,34001,54
34003,9009,54
34007,12011,54
34007,12057,54
34013,13067,54
34013,24005,54
34013,25017,54
34013,36059,54
36103,6075,54
36103,42091,54
36059,12115,54
36059,48085,54
36081,12127,54
36081,34007,54
36081,48029,54
36085,42089,54
36061,49035,54
36047,25015,54
36047,36091,54
36087,6037,54
36119,12021,54
36119,13135,54
36005,36093,54
36005,42071,54
36071,12011,54
36079,36071,54
37129,45019,54
37013,37049,54
37061,37183,54
41039,6059,54
41019,41047,54
41051,6081,54
42045,24031,54
42017,34025,54
44003,25025,54
45013,12031,54
45051,37129,54
45089,45079,54
48355,48027,54
48355,48167,54
48273,48201,54
53061,16055,54
53061,17031,54
53057,4013,54
53073,4013,54
53053,48439,54
53053,53025,54
53033,6095,54
53033,13067,54
22055,22039,54
22057,22033,54
22071,8031,54
22099,22113,54
6081,6007,53
6085,8035,53
6085,35001,53
6085,36081,53
6001,13089,53
6001,16001,53
6001,41029,53
6059,47187,53
6059,53035,53
6095,53033,53
6073,24005,53
6073,25009,53
6073,26081,53
6073,48215,53
6037,13051,53
6111,4015,53
6111,6061,53
6111,8041,53
6111,49035,53
6075,8013,53
6075,36119,53
6079,6081,53
9009,12105,53
9011,25027,53
9011,44003,53
9003,23005,53
9003,25023,53
10003,12011,53
10001,24011,53
11001,15003,53
12031,6059,53
12031,13063,53
12031,13185,53
12086,8005,53
12086,9009,53
12103,39049,53
12071,34029,53
12081,12117,53
12015,48453,53
12011,6067,53
12011,12005,53
12011,13117,53
12011,48157,53
12057,9003,53
12057,21111,53
12009,12085,53
12111,12031,53
12111,12071,53
12033,13135,53
12091,51059,53
12075,12029,53
12029,12075,53
12117,12081,53
13051,13215,53
13179,13215,53
13179,45079,53
24003,12031,53
24005,13089,53
24037,6073,53
25009,48201,53
25023,12021,53
25025,34003,53
25025,44005,53
25021,12103,53
25017,39049,53
34029,6073,53
34029,34019,53
34025,34001,53
34025,34019,53
34023,32003,53
34003,48085,53
34005,4013,53
34005,12095,53
34039,37183,53
34007,12095,53
34013,36085,53
34013,42079,53
34031,34041,53
36103,6085,53
36103,12105,53
36103,36091,53
36103,45045,53
36059,24005,53
36059,36001,53
36081,24003,53
36081,36105,53
36061,34001,53
36047,51013,53
36119,13121,53
36005,25013,53
36071,12099,53
36071,37183,53
36001,25025,53
37133,48439,53
37107,37049,53
37083,37185,53
41051,32031,53
41015,41011,53
42017,12095,53
42101,34011,53
42101,44007,53
45035,37119,53
45029,45015,53
48201,6019,53
48201,24003,53
48201,48213,53
48057,48201,53
53073,6037,53
53053,45079,53
53011,41009,53
53033,53021,53
22057,22089,53
22071,47157,53
22089,22103,53
22101,22057,53
22109,22103,53
22113,22099,53
6059,37133,52
6013,25017,52
6073,34003,52
6037,47093,52
6097,6089,52
6097,41029,52
6111,48085,52
6111,48439,52
6075,24031,52
6087,6047,52
9003,12105,52
9003,25009,52
10005,24031,52
10003,24033,52
12103,12033,52
12103,25017,52
12103,42101,52
12011,25001,52
12057,13051,52
12057,36059,52
12057,42003,52
12009,32003,52
12099,25023,52
12131,12059,52
12117,13135,52
12069,12081,52
12083,12073,52
13051,12011,52
13051,13127,52
13179,13305,52
24003,36061,52
24025,24013,52
25025,36005,52
25021,6059,52
25017,22071,52
28059,1003,52
28047,28109,52
34023,42089,52
34017,10003,52
34017,34041,52
34007,12071,52
34021,10003,52
34021,34015,52
34013,4013,52
34031,6037,52
34031,36119,52
36103,34039,52
36103,42071,52
36103,45019,52
36059,12127,52
36081,8031,52
36081,42011,52
36081,51087,52
36061,48085,52
36061,51760,52
36047,37081,52
36119,32003,52
36027,36087,52
36001,36071,52
37049,37013,52
41039,6065,52
42045,12011,52
42017,34035,52
42101,42081,52
44007,4013,52
44007,42101,52
45051,45083,52
48201,22005,52
48201,22097,52
48201,31055,52
48007,48201,52
53061,6001,52
53053,53057,52
53067,48453,52
53011,6065,52
53011,49035,52
53033,6077,52
53033,6087,52
53033,17043,52
53015,53067,52
22033,48085,52
22051,6073,52
22053,22003,52
6081,6113,51
6085,8005,51
6013,53053,51
6073,6039,51
6073,6057,51
6073,13051,51
6073,45015,51
6037,17089,51
6075,6007,51
6045,6001,51
9009,36059,51
10003,13121,51
10003,36081,51
10003,53033,51
11001,36059,51
11001,48439,51
12086,18097,51
12086,29095,51
12086,34031,51
12103,8005,51
12103,42003,51
12103,47093,51
12071,53033,51
12015,12021,51
12011,34027,51
12057,12087,51
12057,24033,51
12057,27053,51
12009,36047,51
12009,51059,51
12111,36103,51
12109,12009,51
12115,36061,51
12019,12086,51
12019,12127,51
12099,6001,51
12099,36085,51
12005,48201,51
12033,13121,51
12091,15003,51
12117,4013,51
13179,47125,51
23005,36047,51
23031,33003,51
24003,8041,51
24003,37051,51
24005,42071,51
24005,48113,51
24047,24039,51
24510,12099,51
25023,12099,51
25001,12011,51
25001,36061,51
25025,33009,51
25025,37183,51
25021,9009,51
25017,9011,51
25017,13135,51
33015,12103,51
33017,25025,51
34017,42091,51
34017,42095,51
34013,11001,51
34031,37119,51
36081,9011,51
36081,12083,51
36081,37051,51
36061,25003,51
36061,25023,51
36061,37135,51
36047,36083,51
36047,51087,51
36119,24005,51
36027,6037,51
36027,36083,51
36071,12095,51
36001,12099,51
36001,48453,51
37133,12095,51
41051,48113,51
42017,12115,51
42017,36081,51
42101,13135,51
42101,34035,51
44007,9001,51
45019,36047,51
48201,32031,51
48201,48139,51
53061,41005,51
53027,53061,51
53033,53065,51
22033,22097,51
22053,22055,51
22055,48157,51
22095,22105,51
22101,48201,51
1097,1089,50
1097,13135,50
6041,6087,50
6001,41039,50
6059,29095,50
6059,32005,50
6059,34003,50
6013,53061,50
6073,9011,50
6073,17197,50
6023,6007,50
6037,6045,50
6037,34005,50
6037,53005,50
6111,4025,50
6075,25021,50
6079,6007,50
9009,13121,50
9009,25009,50
9001,48085,50
9003,34023,50
10003,12057,50
10003,24029,50
11001,6013,50
12031,1073,50
12031,37051,50
12086,13051,50
12086,24510,50
12086,47157,50
12086,48141,50
12087,12009,50
12103,48029,50
12021,12031,50
12021,12105,50
12011,12053,50
12011,48339,50
12057,12113,50
12057,18097,50
12057,34023,50
12057,36119,50
12111,12073,50
12115,26125,50
12099,48029,50
12017,12001,50
12061,12031,50
12069,17031,50
13051,12086,50
13051,48201,50
23005,23025,50
23005,23027,50
24003,36047,50
24003,45019,50
24005,51107,50
24005,53033,50
24035,24005,50
25023,12115,50
25025,47037,50
25017,6067,50
25017,13089,50
25017,33005,50
25017,36001,50
25017,36005,50
25017,36029,50
34003,25025,50
34005,45051,50
34031,48201,50
36103,34025,50
36103,36029,50
36103,37179,50
36059,13067,50
36081,47037,50
36061,51810,50
36047,6067,50
36047,24027,50
36119,51059,50
36079,36081,50
41039,6075,50
42045,42003,50
42017,8035,50
42101,12071,50
45019,47037,50
45051,12103,50
45015,51710,50
48201,34003,50
48201,49049,50
53053,4003,50
53053,16055,50
53053,22115,50
53011,53035,50
53011,53073,50
53033,6079,50
53033,20091,50
22033,13121,50